,Latitude,Longitude,City,Country,Temperature (F),Humidity (%),Cloud Cover (%),Wind Speed (MPH),Date (UTC)
0,-10.71,22.22,Luau,AO,66,97,100,2.71,1603853873
1,-9.8,-139.03,Atuona,PF,78.8,73,1,19.39,1603853875
2,69.22,-51.1,Ilulissat,GL,14,61,82,2.42,1603853876
3,42.6,-73.97,Albany,US,44.33,84,100,0.69,1603853800
4,-33.92,25.57,Port Elizabeth,ZA,62.6,72,0,3.36,1603853879
5,62.46,-114.35,Yellowknife,CA,15.55,66,75,6.93,1603853880
6,-8.47,140.33,Merauke,ID,86.5,58,80,4.63,1603853881
7,-21.2,-175.2,Vaini,TO,77,78,75,12.75,1603853882
8,71.29,-156.79,Barrow,US,30.2,68,75,23.04,1603853883
9,67.45,153.68,Srednekolymsk,RU,15.03,92,87,9.13,1603853884
10,-11.95,-75.28,San Jerónimo,PE,51.35,71,95,0.92,1603853886
11,50.03,-66.87,Port-Cartier,CA,23.2,85,20,4.7,1603853887
12,-11.38,43.28,Mitsamiouli,KM,77.65,76,5,7.72,1603853888
13,40.08,-105.35,Boulder,US,28.06,86,1,6.42,1603853889
14,3.07,172.79,Butaritari,KI,81.14,66,15,4.18,1603853890
15,-23.12,-134.97,Rikitea,PF,75.45,84,100,14.9,1603853891
16,70.47,-68.59,Clyde River,CA,10.4,72,1,4.7,1603853892
17,15.12,108.8,Quang Ngai,VN,78.01,84,100,37.49,1603853894
18,7.77,-72.22,San Cristobal,VE,66.58,92,64,1.97,1603853895
19,-33.65,115.33,Busselton,AU,66.99,58,19,1.99,1603853896
20,53.97,121.97,Yerofey Pavlovich,RU,24.58,84,97,4.41,1603853897
21,15.73,79.28,Mārkāpur,IN,79.03,63,92,3.96,1603853898
22,-33.7,-53.46,Chui,UY,62.17,97,100,9.6,1603853899
23,22.48,103.95,Lao Cai,VN,84.16,57,80,1.9,1603853901
24,11.67,92.75,Port Blair,IN,83.05,71,95,3.47,1603853902
25,-32.72,25.59,Somerset East,ZA,60.1,78,40,2.64,1603853646
26,71.97,102.5,Khatanga,RU,-6.21,90,33,9.53,1603853904
27,-53.15,-70.92,Punta Arenas,CL,41,80,0,16.11,1603853905
28,-24.79,-50.01,Castro,BR,57.45,72,0,4.47,1603853906
29,31.81,121.66,Huilong,CN,68.41,78,100,10.36,1603853907
30,-41.87,-73.82,Ancud,CL,43.77,93,75,5.82,1603853908
31,66.32,-179.17,Egvekinot,RU,17.58,92,45,5.5,1603853910
32,64.38,-173.3,Provideniya,RU,32,95,90,11.18,1603853912
33,-32.03,-52.1,Rio Grande,BR,61,99,95,5.99,1603853913
34,-33.02,27.91,East London,ZA,65.91,77,61,14,1603853914
35,3.81,43.25,Wajid,SO,73.63,83,96,13.49,1603853915
36,37.68,-95.46,Chanute,US,33.12,97,90,4.7,1603853916
37,57.79,-152.41,Saint Paul Harbor,US,44.6,48,90,6.93,1603853917
38,70.98,25.97,Honningsvåg,NO,41.77,73,100,10.94,1603853919
39,-13.13,39,Montepuez,MZ,66.74,97,13,1.66,1603853920
40,42.12,118.78,Mujiayingzi,CN,47.71,41,0,10.56,1603853921
41,51.23,-58.65,Saint-Augustin,CA,29.84,91,19,5.55,1603853909
42,-33.93,18.42,Cape Town,ZA,60.04,87,75,10.29,1603853923
43,48.71,45.2,Leninsk,RU,32,73,0,13.42,1603853925
44,-2.65,10,Gamba,GA,75.81,91,100,7.07,1603853927
45,22.29,114.16,Hong Kong,HK,74.44,61,100,13,1603853825
46,-8.93,125.41,Airai,TL,75.7,65,50,3.69,1603853929
47,-20.34,57.76,Bambous Virieux,MU,73.99,76,14,1.99,1603853930
48,-21.36,55.77,Saint-Philippe,RE,69.22,56,0,8.05,1603853931
49,77.48,-69.36,Qaanaaq,GL,13.62,82,95,12.66,1603853932
50,10.9,-1.09,Navrongo,GH,75.83,38,66,0.89,1603853933
51,-34.48,-54.33,Rocha,UY,58.71,94,99,8.05,1603853934
52,-16.84,36.99,Mocuba,MZ,68.59,97,3,2.48,1603853936
53,-34.42,19.23,Hermanus,ZA,59,91,99,9.24,1603853937
54,42.18,69.88,Lenger,KZ,28.4,63,0,2.24,1603853658
55,71.69,128.87,Tiksi,RU,-3.06,90,1,13.87,1603853939
56,-0.74,-90.35,Puerto Ayora,EC,68,95,99,1.01,1603853940
57,-42.88,147.33,Hobart,AU,58.69,76,40,12.75,1603853895
58,-34.73,135.87,Port Lincoln,AU,66,55,0,7.56,1603853943
59,11,122.67,Dingle,PH,86.95,69,14,1.86,1603853944
60,27.92,96.17,Tezu,IN,81.32,43,8,2.57,1603853945
61,19.73,-155.09,Hilo,US,75.13,74,75,3.36,1603853946
62,14.9,-24.5,São Filipe,CV,81.05,71,87,3.87,1603853947
63,32.53,20.58,Tūkrah,LY,68.74,65,76,8.68,1603853948
64,37.1,-113.58,Saint George,US,55.4,17,1,21.92,1603853866
65,22.08,-159.32,Kapaa,US,76.8,69,75,5.82,1603853951
66,72.79,-56.15,Upernavik,GL,15.55,78,0,5.91,1603853952
67,50.2,-66.38,Sept-Îles,CA,23.36,85,20,4.7,1603853953
68,8,124.29,Marawi,PH,82.99,76,32,4,1603853875
69,-38,-57.56,Mar del Plata,AR,55.56,93,0,12.37,1603853819
70,-37.62,-73.65,Lebu,CL,50.79,87,100,12.35,1603853956
71,-0.91,122.88,Biak,ID,85.21,62,85,4.38,1603853958
72,-2.57,150.8,Kavieng,PG,84.63,66,67,4.32,1603853959
73,-33.59,26.89,Port Alfred,ZA,62.44,87,57,11.56,1603853961
74,42.1,-79.24,Jamestown,US,39.58,100,90,5.03,1603853833
75,-34.53,20.04,Bredasdorp,ZA,57.2,87,100,3.36,1603853964
76,40.97,-117.74,Winnemucca,US,46.4,28,1,2.89,1603853966
77,40.6,-124.16,Fortuna,US,49.57,81,1,5.82,1603853967
78,49.14,57.13,Temir,KZ,29.39,92,0,5.39,1603853968
79,70.63,147.92,Chokurdakh,RU,12.83,97,100,5.39,1603853969
80,-54.8,-68.3,Ushuaia,AR,44.6,42,40,13.87,1603853970
81,-46.6,168.33,Bluff,NZ,55.99,74,63,10,1603853971
82,-23.86,-49.14,Itaberá,BR,64.63,67,0,3.09,1603853972
83,47.02,-113.8,Missoula,US,29.05,85,1,3.27,1603853974
84,20.9,70.37,Verāval,IN,79.25,46,0,7.87,1603853975
85,-0.6,73.08,Hithadhoo,MV,84.4,65,94,10.49,1603853976
86,13.02,31.87,Tandaltī,SD,83.26,27,0,7.76,1603853977
87,53.52,49.14,Podstepki,RU,26.6,100,0,2.24,1603853978
88,35.73,140.83,Hasaki,JP,68.31,60,75,4.7,1603853979
89,4.12,15.14,Gamboula,CF,67.93,96,99,1.43,1603853982
90,51.48,57.36,Kuvandyk,RU,29.37,91,30,1.63,1603853983
91,-38.55,-58.74,Necochea,AR,53.01,81,66,8.08,1603853985
92,43.7,26.27,Vetovo,BG,52.95,93,0,4.68,1603853986
93,-17.93,19.77,Rundu,NA,69.62,28,18,8.1,1603853987
94,-20.52,57.52,Souillac,MU,73.99,75,3,1.99,1603853988
95,59.7,30.79,Nikolskoye,RU,51.6,87,90,11.18,1603853990
96,-22.97,-42.03,Arraial do Cabo,BR,72.77,90,26,19.66,1603853991
97,20.52,-13.05,Atar,MR,80.82,24,15,10.38,1603853993
98,-46.19,168.86,Mataura,NZ,55.99,74,98,10,1603853994
99,-13.7,-76.22,Pisco,PE,62.76,82,0,11.41,1603853995
100,41.76,86.15,Korla,CN,48.47,45,0,6.62,1603853996
101,41.17,75.81,At-Bashi,KG,39.29,59,75,1.16,1603853997
102,66,111.5,Aykhal,RU,-6.75,89,61,4.16,1603854000
103,26.12,127.67,Itoman,JP,81.73,54,20,13.87,1603854001
104,34.98,139.87,Tateyama,JP,68.32,68,75,10.29,1603854003
105,63.9,122.76,Kysyl-Syr,RU,7.84,90,100,2.84,1603854005
106,73.51,80.55,Dikson,RU,4.28,94,99,18.12,1603854007
107,-28.77,114.6,Geraldton,AU,77,47,0,16.11,1603854009
108,64.57,143.2,Ust-Nera,RU,14.36,82,95,1.63,1603854010
109,63.05,179.32,Beringovskiy,RU,27.77,93,74,12.73,1603853934
110,-42.78,147.06,New Norfolk,AU,59.58,57,95,1.99,1603854013
111,43.75,-81.72,Goderich,CA,40.37,77,100,12.64,1603854003
112,15.17,44.32,Sayyan,YE,43.47,50,5,4.18,1603854015
113,63.18,14.64,Östersund,SE,41.5,93,100,10.29,1603854016
114,-33.23,-54.38,Treinta y Tres,UY,54.52,96,62,7.09,1603854018
115,5.41,100.34,George Town,MY,85.03,79,20,4.7,1603854019
116,51.73,39.15,Podgornoye,RU,33.8,80,0,6.71,1603854020
117,66.15,-65.71,Pangnirtung,CA,8.44,76,0,4.21,1603854022
118,3.94,41.87,Mandera,KE,77.97,75,100,11.97,1603854023
119,-17.71,-39.25,Caravelas,BR,76.71,91,92,9.28,1603854024
120,58.52,64.55,Tabory,RU,23.56,94,100,4.27,1603854025
121,66.94,-53.67,Sisimiut,GL,17.96,89,0,9.98,1603854027
122,64.25,-15.21,Hofn,IS,40.39,80,100,22.68,1603853896
123,30.69,78.49,Ginda,IN,62.13,30,0,0.31,1603854030
124,27.2,60.68,Iranshahr,IR,59,14,0,6.93,1603854032
125,64.75,177.48,Anadyr,RU,17.6,85,0,6.71,1603853937
126,46.29,7.88,Visp,CH,38.75,52,67,1.68,1603854034
127,-3.48,23.43,Lodja,CD,67.87,96,100,1.07,1603854035
128,-11.74,24.43,Mwinilunga,ZM,62.4,90,3,1.68,1603854037
129,7.53,-12.51,Bonthe,SL,78.49,84,98,4.36,1603854038
130,68.05,39.51,Ostrovnoy,RU,44.24,89,100,19.91,1603854040
131,65.82,87.98,Turukhansk,RU,4.98,86,96,19.53,1603854041
132,15.85,-97.07,Puerto Escondido,MX,77,73,75,2.75,1603854043
133,-15.12,39.27,Nampula,MZ,71.6,88,40,4.7,1603854044
134,56.77,54.11,Chaykovskiy,RU,28.99,88,98,1.01,1603854045
135,-8.76,-35.1,Tamandaré,BR,75.97,83,94,8.84,1603854047
136,-26.53,151.83,Kingaroy,AU,75.2,57,75,8.05,1603854048
137,32.67,-17.1,Ponta do Sol,PT,60.66,68,75,3.36,1603854050
138,5.41,100.34,George Town,MY,85.03,79,20,4.7,1603854019
139,-3.8,102.27,Bengkulu,ID,83.44,65,85,3.78,1603854052
140,41.37,-73.41,Bethel,US,49.84,66,90,5.82,1603854053
141,38.52,-28.7,Ribeira Grande,PT,62.85,62,100,5.77,1603854054
142,54.99,62.54,Safakulevo,RU,21.76,96,34,8.5,1603854056
143,-34.58,150.86,Flinders,AU,71.01,67,99,5.99,1603854058
144,61.36,63.58,Sovetskiy,RU,22.84,97,100,4.45,1603854059
145,-16.48,-151.75,Faanui,PF,79.57,82,100,18.34,1603854060
146,-14.45,28.45,Kabwe,ZM,67.87,46,3,7.94,1603854062
147,78.22,15.64,Longyearbyen,SJ,30.2,86,75,5.82,1603854064
148,52.87,103.46,Tayturka,RU,37.29,78,18,8.25,1603854065
149,-34,24.73,Kruisfontein,ZA,55.99,96,56,1.99,1603854067
150,-46.13,167.68,Tuatapere,NZ,57,75,100,8.01,1603854068
151,-5.23,-75.68,Lagunas,PE,78.55,78,16,1.41,1603854070
152,-41.15,-71.31,Bariloche,AR,39.2,80,40,25.28,1603854071
153,67.47,78.7,Tazovsky,RU,-3.87,89,0,8.81,1603854073
154,43.41,-124.22,North Bend,US,51.57,87,1,11.41,1603854076
155,-38.27,141.97,Codrington,AU,63.59,71,81,3.85,1603854077
156,31.61,34.76,Kiryat Gat,IL,70.32,100,80,2.44,1603854005
157,55.74,-97.86,Thompson,CA,19.4,73,75,8.05,1603854079
158,-19.06,-169.92,Alofi,NU,75.2,78,75,19.46,1603854081
159,59.24,163.07,Ossora,RU,35.78,80,32,6.8,1603854082
160,-9.07,-68.66,Sena Madureira,BR,75,93,100,1.52,1603853875
161,68.75,161.3,Cherskiy,RU,14.85,92,100,8.39,1603854084
162,65.61,-37.64,Tasiilaq,GL,33.8,34,100,14.99,1603854085
163,25.09,-80.45,Key Largo,US,81.68,1,18,8.99,1603854086
164,33.19,-82.53,Avera,US,68.83,94,90,4.7,1603854088
165,-35.17,173.17,Ahipara,NZ,68.52,66,34,3.2,1603854089
166,20.93,-17.03,Nouadhibou,MR,77.32,51,62,16.11,1603854090
167,-31.54,-68.54,San Juan,AR,67.62,26,58,7.02,1603854091
168,37.47,-105.87,Alamosa,US,24.8,85,90,5.82,1603854092
169,58.96,126.29,Tommot,RU,16.65,92,100,2.93,1603854093
170,47.67,-52.73,Torbay,CA,38.08,100,90,10.29,1603853862
171,47.62,-57.62,Burgeo,CA,40.93,79,100,18.52,1603854096
172,-19.98,57.61,Cap Malheureux,MU,73.99,75,0,1.99,1603854097
173,22.89,-109.91,Cabo San Lucas,MX,73.22,64,75,5.82,1603854098
174,-15.72,46.32,Mahajanga,MG,71.6,78,20,3.36,1603854099
175,26.54,-77.06,Marsh Harbour,BS,81.32,81,65,13.18,1603854101
176,-9.01,-35.22,Maragogi,BR,75.65,84,95,8.52,1603854102
177,-31.95,141.43,Broken Hill,AU,68,52,40,12.75,1603854038
178,60.55,-151.26,Kenai,US,34.86,64,1,4.7,1603853948
179,65.83,21.69,Boden,SE,41,93,100,3.36,1603854105
180,14.28,77.17,Hoskote,IN,75.13,55,1,3.85,1603854106
181,40.16,-8.33,Lata,PT,60.39,94,100,1.01,1603854108
182,57.7,93.28,Kazachinskoye,RU,36.88,87,100,3.4,1603854109
183,-21.42,25.58,Letlhakane,BW,72.01,37,2,11.81,1603854110
184,-30.67,-51.4,Tapes,BR,62.96,86,100,13.69,1603854085
185,-14.89,-70.59,Ayaviri,PE,48.11,39,12,2.37,1603854112
186,-19.8,-174.35,Pangai,TO,78.8,74,40,20.8,1603854113
187,50.68,36.55,Severnyy,RU,39.2,80,0,8.95,1603854116
188,66.66,66.42,Labytnangi,RU,5.49,94,95,3.13,1603854117
189,29.46,-95.05,Dickinson,US,66.65,93,90,12.75,1603854118
190,51.03,-4.22,Northam,GB,48.99,84,76,17,1603854119
191,39.7,122.99,Zhuanghe,CN,56.21,34,13,7.83,1603854120
192,28.47,-107.3,Adolfo López Mateos,MX,28.99,78,0,5.99,1603854121
193,-24.87,113.63,Carnarvon,AU,75.2,57,0,23.04,1603854011
194,-41.07,145.92,Burnie,AU,59.92,61,94,10,1603854124
195,13.3,19.7,Umm Hājar,TD,78.84,20,0,8.57,1603854125
196,36.62,-121.92,Pacific Grove,US,60.44,22,1,2.04,1603854126
197,59.38,143.3,Okhotsk,RU,32.7,80,0,5.37,1603854127
198,57.05,-135.33,Sitka,US,44.6,87,90,10.29,1603854129
199,65.37,64.67,Muzhi,RU,11.14,96,99,5.26,1603854130
200,0.8,127.4,Ternate,ID,85.1,67,85,4.92,1603854131
201,42.16,-72.33,Palmer,US,46.78,76,90,2.17,1603854132
202,18.44,1.41,Kidal,ML,75.81,17,10,7.99,1603854133
203,-30.72,25.1,Colesberg,ZA,61.29,47,0,4.85,1603854134
204,48.16,25.38,Myhove,UA,45.12,78,1,2.57,1603854135
205,65.28,-126.83,Norman Wells,CA,3.2,84,20,3.36,1603854138
206,61.67,96.37,Baykit,RU,15.53,92,100,14.97,1603854139
207,65.42,-52.9,Maniitsoq,GL,20.19,86,5,7.18,1603854140
208,10.39,8.57,Lere,NG,66.72,40,0,1.45,1603854141
209,-25.24,130.99,Yulara,AU,87.8,10,0,5.82,1603854142
210,40.8,-124.16,Eureka,US,49.53,76,1,1.66,1603854144
211,31.42,-103.49,Pecos,US,30.2,92,90,5.82,1603854145
212,-2.02,147.27,Lorengau,PG,86.04,65,62,2.39,1603854146
213,69.49,88.4,Talnakh,RU,-4.22,80,0,5.28,1603853894
214,39.82,98.3,Jiayuguan City,CN,46.53,49,0,9.35,1603854148
215,69.38,178.42,Leningradskiy,RU,18.68,91,0,17.13,1603854149
216,42.21,-121.74,Altamont,US,46.38,42,1,2.77,1603854151
217,7.8,6.74,Lokoja,NG,75.38,82,0,2.8,1603854152
218,-46.28,169.85,Kaitangata,NZ,53.01,81,43,13,1603854153
219,-10.62,150.67,Samarai,PG,83.28,77,2,9.4,1603853931
220,39.45,-86.18,Bud,US,44.89,100,90,3.58,1603854155
221,59.58,151.28,Ola,RU,34.99,72,0,4.7,1603854156
222,10.28,22.79,Birao,CF,72.28,55,20,1.21,1603854129
223,-0.95,100.35,Padang,ID,85.24,59,27,3.76,1603854159
224,0.85,32.47,Luwero,UG,62.85,95,26,0.92,1603854160
225,-30.18,-50.21,Cidreira,BR,62.56,88,100,12.59,1603854161
226,51.83,14.15,Burg,DE,44.51,85,99,3,1603854162
227,13.35,-15.75,Nioro,GM,72.55,66,0,1.39,1603853699
228,60.14,-45.24,Nanortalik,GL,30.56,90,100,4.72,1603854164
229,-0.22,20.87,Boende,CD,71.33,98,100,2.55,1603854166
230,20.89,-156.47,Kahului,US,76.64,65,75,3.69,1603854167
231,-23.58,148.88,Blackwater,AU,87.89,35,13,9.44,1603854168
232,67.63,134.63,Batagay,RU,7.5,93,92,1.12,1603854169
233,37.72,-25.43,Vila Franca do Campo,PT,64.4,59,75,9.17,1603854170
234,57.3,47.2,Kiknur,RU,31.3,96,22,10.36,1603854171
235,66.77,123.37,Zhigansk,RU,-3.1,91,85,2.26,1603854175
236,27.48,95.17,Chābua,IN,77.85,76,1,2.33,1603854176
237,-13.62,29.39,Mkushi,ZM,68.32,47,0,9.1,1603854177
238,41.14,-73.36,Westport,US,51.42,80,100,2.86,1603853943
239,38.15,13.08,Terrasini,IT,61.43,59,40,14.99,1603854180
240,-20.41,57.7,Mahébourg,MU,73.99,75,9,1.99,1603854182
241,-7.26,-34.91,Conde,BR,77,88,40,5.82,1603854183
242,13.22,80.32,Kattivākkam,IN,83.01,69,82,15.05,1603854184
243,58.33,68.13,Irtyshskiy,RU,20.23,95,96,8.16,1603854185
244,-21.21,-159.78,Avarua,CK,71.6,88,100,8.05,1603854187
245,20.7,-105.2,Ixtapa,MX,84.09,79,75,3.36,1603854010
246,48.93,-125.55,Ucluelet,CA,54,93,100,2.13,1603854003
247,68.22,-135.01,Aklavik,CA,8.6,92,75,3.36,1603854191
248,38.89,-76.51,Mayo,US,58.93,93,90,4.05,1603854192
249,45.12,5.71,Le Pont-de-Claix,FR,46.6,85,88,1.99,1603854193
250,30.58,67,Pishin,PK,52.77,34,0,1.41,1603854122
251,22.76,121.14,Taitung City,TW,82.4,65,75,11.41,1603854195
252,64.86,-147.8,College,US,27.16,92,90,4.7,1603854196
253,53.57,142.95,Okha,RU,41.85,74,95,5.01,1603854198
254,-22.67,167.48,Vao,NC,73.17,82,60,19.39,1603854199
255,39.24,55.52,Bereket,TM,45.23,56,0,14.7,1603854200
256,66.04,-17.34,Husavik,IS,37.4,69,90,5.82,1603854201
257,41.3,-82.98,Clyde,US,41.34,94,100,2.08,1603854005
258,1,-52,Amapá,BR,76.05,79,26,3.65,1603854204
259,69.19,33.25,Snezhnogorsk,RU,39.2,86,75,11.18,1603854205
260,66.83,70.83,Yar-Sale,RU,2.14,92,0,7.14,1603854206
261,46.19,-123.83,Astoria,US,49.98,87,1,5.82,1603853939
262,28.02,-97.52,San Patricio,US,54.18,93,90,16.11,1603854208
263,27.98,-114.06,Guerrero Negro,MX,63.39,35,0,15.28,1603853985
264,39.93,9.66,Tortolì,IT,56.14,47,5,8.05,1603854210
265,-20.32,118.57,Port Hedland,AU,86,55,29,10.29,1603854212
266,39.05,-27.98,Lagoa,PT,62.58,65,100,9.31,1603854213
267,9.33,-69.12,Villa Bruzual,VE,74.62,91,0,3.04,1603854214
268,50.27,85.61,Ust'-Koksa,RU,35.01,86,100,5.14,1603854215
269,7.7,18.63,Kabo,CF,71.35,89,0,2.19,1603854216
270,60.72,-135.05,Whitehorse,CA,29.61,86,75,2.24,1603854045
271,26.18,127.76,Nishihara,JP,81.82,44,40,11.41,1603854218
272,-6.98,-34.83,Cabedelo,BR,77,88,40,5.82,1603854021
273,45.17,10.78,Province of Mantua,IT,44.73,100,0,2.24,1603854221
274,71.92,114.08,Saskylakh,RU,6.26,93,100,14.07,1603854222
275,63.92,127.47,Sangar,RU,3.54,92,100,4.25,1603854223
276,64.89,-23.71,Olafsvik,IS,39.29,71,100,18.61,1603854224
277,-11.1,-77.61,Hualmay,PE,62.87,88,93,8.12,1603854225
278,-33.87,121.9,Esperance,AU,68,72,90,17.22,1603854226
279,35.04,32.43,Polis,CY,62.62,82,44,6.93,1603854228
280,-34.62,-68.33,San Rafael,AR,59.85,39,0,11.25,1603853983
281,-6.88,112.21,Labuhan,ID,87.24,62,84,6.44,1603854230
282,22.57,59.53,Sur,OM,74.57,56,0,1.9,1603854231
283,46.36,6.98,Luan,CH,48.09,75,75,4.7,1603854232
284,-12.97,40.52,Pemba,MZ,77,88,20,3.36,1603854233
285,9.29,105.72,Bac Lieu,VN,84.96,74,100,16.49,1603854237
286,60.1,19.93,Mariehamn,AX,48.2,87,0,13.87,1603854238
287,55.1,-105.28,La Ronge,CA,28.4,86,75,10.29,1603854239
288,29.03,21.55,Jalu,LY,68.7,47,0,9.53,1603854240
289,18.73,-103.68,Coahuayana Viejo,MX,78.13,89,70,1.34,1603854241
290,49.99,8.67,Langen,DE,51.37,76,75,10.29,1603854243
291,-41.45,147.17,Launceston,AU,63,55,75,12.75,1603854244
292,45.41,-75.7,Ottawa,CA,30.79,92,75,2.24,1603854057
293,42.78,75.69,Kemin,KG,40.46,68,100,1.01,1603854246
294,51.59,-3,Newport,GB,45.46,96,97,1.99,1603854247
295,10.57,72.64,Kavaratti,IN,81.88,75,67,7.16,1603854248
296,64.5,-165.41,Nome,US,32.7,86,90,6.93,1603854249
297,42.27,118.96,Chifeng,CN,48.94,39,0,10.6,1603854251
298,-45.42,167.72,Te Anau,NZ,61.86,42,97,2.71,1603854252
299,-29.95,-71.34,Coquimbo,CL,53.6,87,0,4.7,1603854253
300,34.37,107.36,Guozhen,CN,53.01,60,100,2.17,1603854254
301,38.93,100.45,Zhangye,CN,47.25,51,14,5.84,1603854255
302,-1.94,-54.74,Alenquer,BR,78.8,88,0,2.24,1603854256
303,57.07,-4.12,Newtonmore,GB,38.61,100,20,2.24,1603854258
304,18.93,-103.97,Ciudad de Armería,MX,86,74,40,3.98,1603854259
305,33.53,-84.37,Clayton,US,68.76,88,75,6.93,1603854260
306,30.37,68.6,Loralai,PK,58.96,28,0,3.8,1603854261
307,69.45,-133.04,Tuktoyaktuk,CA,12.2,92,90,16.11,1603854262
308,69.7,170.31,Pevek,RU,20.79,96,100,9.48,1603854263
309,29.04,67.82,Bhag,PK,76.68,17,0,3.51,1603854022
310,39.28,-74.57,Ocean City,US,58.96,93,90,1.95,1603854266
311,41.41,26.43,Karoti,GR,58.55,90,61,2.24,1603854267
312,20.88,-156.68,Lahaina,US,76.77,72,90,4.7,1603854257
313,-0.48,15.9,Owando,CG,71.47,99,100,1.7,1603854269
314,62.23,-6.59,Klaksvík,FO,44.6,87,98,12.75,1603854270
315,24.8,125.28,Hirara,JP,81.34,65,40,14.99,1603854271
316,41.28,-70.1,Nantucket,US,52,64,90,8.05,1603854274
317,-8.12,34.25,Dunda,TZ,63.28,81,14,2.91,1603854275
318,61.95,159.23,Evensk,RU,29.57,81,0,9.1,1603854276
319,-9.86,124.28,Soe,ID,83.73,54,37,7.18,1603854277
320,34.64,-120.46,Lompoc,US,58.46,82,1,3.36,1603854126
321,46.43,26.4,Asău,RO,50,98,86,0.83,1603854279
322,17.98,-102.23,La Orilla,MX,79.32,87,15,6.04,1603854281
323,24.7,-77.77,Andros Town,BS,80.6,88,20,5.82,1603854242
324,69.3,139.9,Deputatsky,RU,-0.17,93,8,5.61,1603854283
325,6.88,73.1,Dhidhdhoo,MV,82.71,72,6,6.71,1603854285
326,28.66,-17.92,Los Llanos de Aridane,ES,64.47,68,90,8.05,1603854286
327,-32.95,151.67,Charlestown,AU,62.69,96,96,1.99,1603854287
328,21.46,-71.14,Cockburn Town,TC,82.74,79,28,22.57,1603854007
329,14.2,24.67,Kutum,SD,70,29,0,8.86,1603854291
330,-0.87,134.08,Manokwari,ID,85.23,67,56,4.63,1603854292
331,-10.45,161.92,Kirakira,SB,84,77,61,10.56,1603854293
332,37.94,22.96,Corinth,GR,61,66,100,1.99,1603854294
333,5.67,15.97,Baoro,CF,68.38,88,96,2.71,1603854295
334,-35.1,173.78,Kaeo,NZ,72,72,58,5.01,1603854298
335,71,24.66,Havøysund,NO,32,76,95,11.41,1603854299
336,14.08,98.2,Dawei,MM,83.01,73,100,2.04,1603854300
337,2.1,99.83,Rantauprapat,ID,89.35,51,82,0.63,1603854301
338,-6.22,155.63,Kieta,PG,84.85,70,31,1.7,1603854302
339,-4.35,152.26,Kokopo,PG,86.27,63,36,7.65,1603854304
340,-3.2,-52.21,Altamira,BR,76.28,87,100,3.13,1603854307
341,42.47,140.87,Date,JP,54.91,60,0,5.48,1603854308
342,71.04,27.85,Mehamn,NO,36.09,83,100,10.56,1603854188
343,36.53,37.95,Manbij,SY,59,44,0,8.21,1603854310
344,-17,145.43,Mareeba,AU,87.24,58,51,10.29,1603854311
345,30.48,-115.95,San Quintín,MX,61.7,53,0,4.12,1603854314
346,32.3,-9.24,Safi,MA,61,71,0,15.79,1603854129
347,5.78,36.57,Bako,ET,61.29,89,0,4.36,1603854316
348,50.7,-127.42,Port Hardy,CA,48.2,93,90,5.82,1603854317
349,65.85,74.49,Pangody,RU,-0.51,89,0,7.85,1603854318
350,64.92,77.78,Tarko-Sale,RU,0.36,90,0,13.85,1603854319
351,6.71,121.97,Isabela,PH,86,74,75,5.82,1603854320
352,25.52,90.22,Tura,IN,79.07,73,0,2.55,1603854321
353,46.42,3.91,Saint-François,FR,53.33,81,75,5.82,1603854323
354,-2.51,30.66,Ngara,TZ,57.76,98,95,1.25,1603854324
355,-20.74,116.85,Karratha,AU,82.35,53,6,12.28,1603854325
356,13.64,16.49,Moussoro,TD,79.74,19,60,10.6,1603854326
357,11.28,-15.83,Bubaque,GW,82.2,79,19,9.24,1603854327
358,44.51,50.26,Fort-Shevchenko,KZ,41.61,61,0,18.28,1603854328
359,35.13,140.3,Katsuura,JP,66.13,72,75,3.36,1603854330
360,47.26,132.03,Fujin,CN,45.43,56,0,8.21,1603854310
361,-8.62,122.21,Maumere,ID,85.57,65,99,3.6,1603854332
362,6.81,3.2,Ifo,NG,78.8,94,40,2.24,1603854333
363,47.6,-53.26,Bay Roberts,CA,38.01,98,100,5.01,1603854335
364,5.38,-52.95,Sinnamary,GF,79.72,82,25,9.48,1603854070
365,20.45,121.97,Basco,PH,81.45,83,99,20.98,1603854337
366,38.48,47.07,Ahar,IR,46,68,23,1.57,1603854339
367,4.92,6.26,Yenagoa,NG,75.4,95,37,2.98,1603854340
368,-35.33,-72.42,Constitución,CL,49.14,82,16,3.71,1603854341
369,-9.28,-77.64,Carhuaz,PE,58.64,60,100,3.8,1603854342
370,-20.33,-40.29,Vila Velha,BR,77,88,75,8.05,1603854344
371,49.75,-77.63,Matagami,CA,26.6,86,90,12.75,1603854345
372,13.22,-59.52,Bathsheba,BB,78.8,94,75,16.11,1603854346
373,60.47,166.1,Tilichiki,RU,26.89,88,7,9.35,1603854347
374,54.77,-101.86,Flin Flon,CA,25.48,97,100,7.85,1603854348
375,67.8,130.41,Batagay-Alyta,RU,4.17,83,0,2.71,1603854350
376,38.51,115,Dingzhou,CN,55.4,43,100,2.24,1603854351
377,-33.01,17.94,Saldanha,ZA,59,87,100,3.36,1603854352
378,24.09,32.91,Aswān,EG,74.91,44,0,8.84,1603854353
379,33.08,-16.33,Camacha,PT,64.4,72,40,3.36,1603854354
380,7.42,81.82,Kalmunai,LK,83.79,65,1,6.69,1603854356
381,-23.76,-45.41,São Sebastião,BR,72.12,85,23,4.45,1603854357
382,-26.62,-54.13,San Vicente,AR,56.41,75,0,0.67,1603854358
383,7.92,98.33,Kathu,TH,84.65,79,75,9.17,1603854360
384,38.8,-9.45,Colares,PT,61.52,98,79,9.08,1603854362
385,-17.73,-149.15,Tautira,PF,82.2,74,40,13.87,1603854363
386,34.8,-106.54,Meadow Lake,US,30,80,75,3.36,1603854364
387,64.18,-51.72,Nuuk,GL,23,79,4,10.29,1603854365
388,44.29,-105.5,Gillette,US,35.87,64,1,10.29,1603854366
389,18.18,-76.46,Port Antonio,JM,78.31,74,20,8.05,1603854368
390,-22.4,46.12,Ihosy,MG,64.51,79,36,7.85,1603854369
391,4.28,21.02,Gbadolite,CD,70.5,95,100,1.52,1603854370
392,42.79,-96.17,Le Mars,US,28.15,74,1,10.29,1603854371
393,35.04,46.36,Pāveh,IR,35.6,64,0,5.57,1603854372
394,6.12,81.12,Hambantota,LK,81.86,73,92,6.58,1603854373
395,45.76,106.27,Mandalgovi,MN,39.33,47,0,10.58,1603854376
396,-30.32,149.78,Narrabri,AU,80.6,39,67,8.05,1603854377
397,-18.97,32.67,Mutare,ZW,57.99,96,18,4.21,1603854378
398,-5.79,-35.21,Natal,BR,77.94,78,40,8.05,1603854341
399,40.43,71.72,Yangi Marg`ilon,UZ,48.2,61,100,2.24,1603854380
400,62.71,56.2,Troitsko-Pechorsk,RU,34.32,96,100,7.02,1603854382
401,47.69,-114.16,Polson,US,23.94,62,99,0.81,1603854383
402,40.28,97.2,Yumen,CN,47.62,48,30,7.56,1603854384
403,50.32,130.37,Talakan,RU,40.1,69,57,4.83,1603854385
404,-3.75,-73.25,Iquitos,PE,76.23,93,90,2.08,1603854213
405,-13.78,14.68,Caluquembe,AO,60.17,91,38,4.12,1603854388
406,31.45,12.98,Mizdah,LY,52.41,86,0,4.99,1603854390
407,-8.11,115.09,Singaraja,ID,88.16,54,83,1.7,1603854391
408,18.08,75.43,Kurduvādi,IN,76.41,60,26,6.64,1603854392
409,-3.37,135.48,Nabire,ID,87.67,60,100,3.91,1603854393
410,59.83,22.95,Hanko,FI,48.36,88,79,8.01,1603854394
411,-36.89,-60.32,Olavarría,AR,55.24,73,100,4.74,1603854397
412,50.68,156.12,Severo-Kuril'sk,RU,45.32,77,7,4.59,1603854398
413,13.78,122.09,Pitogo,PH,85.03,76,18,2.51,1603854399
414,43.52,-114.32,Hailey,US,33.8,47,5,2.44,1603854400
415,40.25,-103.8,Fort Morgan,US,21.2,79,1,9.17,1603854401
416,42.34,78.01,Kyzyl-Suu,KG,46.58,48,100,0.94,1603854404
417,70.86,29.09,Berlevåg,NO,38.37,77,100,13.56,1603854405
418,36.85,-75.98,Virginia Beach,US,63.39,94,0,5.28,1603854278
419,67.68,53.15,Iskateley,RU,34.02,97,100,11.72,1603854408
420,45.62,-61.35,Port Hawkesbury,CA,39.54,80,90,13.87,1603854409
421,38.24,16.26,Locri,IT,42.01,97,97,19.04,1603854410
422,-4.58,30.1,Kasulu,TZ,66.33,84,93,2.51,1603854412
423,43.83,-111.79,Rexburg,US,31.1,47,1,5.82,1603854413
424,13.59,102.97,Sisophon,KH,80.4,65,100,6.29,1603854414
425,-22.82,47.83,Farafangana,MG,71.15,87,9,4.05,1603854415
426,-26.65,15.16,Lüderitz,NA,55.76,81,0,9.95,1603854416
427,48.65,-53.11,Bonavista,CA,37,83,100,1.99,1603854417
428,4.14,96.13,Meulaboh,ID,83.97,68,86,2.44,1603854255
429,-9.43,159.95,Honiara,SB,89.6,66,40,8.05,1603854420
430,54.05,-128.65,Kitimat,CA,48.99,92,100,2.59,1603854421
431,36.41,64.91,Dawlatabad,AF,49.69,49,73,2.91,1603854422
432,-20.01,57.66,Grand Gaube,MU,73.99,75,1,1.99,1603854423
433,7.74,8.51,Makurdi,NG,74.53,82,0,3.2,1603854424
434,-2.44,-54.71,Santarém,BR,78.8,88,0,2.24,1603854425
435,-32.25,148.62,Dubbo,AU,60.8,77,90,5.82,1603854396
436,-35.33,-72.42,Constitución,CL,49.14,82,16,3.71,1603854341
437,-12.5,131.05,Howard Springs,AU,89.47,62,40,6.93,1603854429
438,64.86,11.24,Rørvik,NO,44.82,76,25,12.41,1603854430
439,58.36,82.83,Togur,RU,32.95,97,100,11.18,1603854431
440,-32.72,152.15,Nelson Bay,AU,62.11,93,90,8.05,1603854432
441,11.09,105.8,Svay Rieng,KH,80.67,75,100,14.83,1603854433
442,-19.39,-40.07,Linhares,BR,72.9,98,94,3.02,1603854434
443,51.38,1.39,Margate,GB,49.37,66,100,3,1603854436
444,-5.25,-42.21,Alto Longá,BR,77.47,81,100,4.25,1603854437
445,-6.66,-69.87,Eirunepé,BR,74.86,93,84,0.96,1603854438
446,-8.77,160.7,Auki,SB,82.89,80,40,6.87,1603854439
447,18.9,-3.53,Araouane,ML,83.48,15,0,4.94,1603854440
448,16.98,98.52,Mae Ramat,TH,83.84,64,100,1.39,1603854442
449,-15.2,12.15,Mossamedes,AO,69.87,83,3,5.79,1603854443
450,41.32,61.07,Hazorasp,UZ,26.6,73,0,2.24,1603854444
451,67.67,12.69,Sørland,NO,46.71,65,100,5.35,1603854445
452,4.47,97.97,Langsa,ID,88.52,64,98,0.65,1603854446
453,63.01,112.47,Chernyshevskiy,RU,16.27,95,89,4.18,1603854448
454,-21.34,55.48,Saint-Pierre,RE,66.78,56,0,8.05,1603854450
455,49.78,-74.85,Chapais,CA,23,73,90,11.41,1603854160
456,-23.86,35.38,Inhambane,MZ,71.47,90,1,6.91,1603854453
457,41.11,42.7,Ardahan,TR,44.08,53,82,2.71,1603854454
458,-1.2,-46.02,Carutapera,BR,76.91,90,61,5.37,1603854455
459,-22.43,-151.33,Moerai,PF,72.16,94,100,4.81,1603854456
460,-20.73,139.5,Mount Isa,AU,86,9,0,17.22,1603854457
461,44.67,-103.85,Belle Fourche,US,40.66,56,1,9.17,1603854460
462,56.16,10.21,Aarhus,DK,47.95,93,100,9.17,1603854402
463,50.15,-5.07,Falmouth,GB,49.08,87,59,25.28,1603854462
464,63.75,-68.51,Iqaluit,CA,19.4,73,90,6.93,1603854393
465,12,8.52,Kano,NG,59,93,0,5.68,1603854464
466,59.94,55,Kosa,RU,31.1,95,95,8.63,1603854465
467,-25.78,29.46,Middelburg,ZA,63.16,60,0,1.34,1603854467
468,-30.26,-50.51,Palmares do Sul,BR,62.56,85,100,12.26,1603854468
469,21.35,-158.09,Makakilo City,US,79.63,74,1,3.36,1603854469
470,-38.95,-68.06,Neuquén,AR,57.2,35,0,4.7,1603854470
471,-1.57,9.26,Omboué,GA,75.69,91,100,2.66,1603854471
472,52.27,79.17,Klyuchi,RU,33.03,88,74,13.31,1603854472
473,-5.25,14.87,Mbanza-Ngungu,CD,71.26,95,100,7.23,1603854474
474,16.64,1.64,Gao,ML,77.29,16,0,8.57,1603854476
475,45.52,-122.68,Portland,US,47.46,70,1,0.83,1603853777
476,44.1,-70.21,Lewiston,US,38.84,44,90,6.93,1603854478
477,62.55,155.55,Dukat,RU,17.37,82,2,4.03,1603854479
478,47.94,-122.3,Mukilteo,US,49.05,79,38,4.52,1603854315
479,56.86,65.02,Zavodouspenskoye,RU,21.2,85,0,6.71,1603854482
480,60.91,61.52,Ous,RU,26.94,98,100,4.41,1603854483
481,62.53,155.8,Omsukchan,RU,17.49,83,1,4.32,1603854484
482,35.54,106.69,Pingliang,CN,45.57,64,85,2.73,1603854485
483,46.49,135.88,Vostok,RU,34.48,100,100,1.61,1603854486
484,-15.33,28.68,Chongwe,ZM,66.09,48,21,4.85,1603854489
485,42.88,47.64,Kaspiysk,RU,59,77,26,22.37,1603854257
486,14.92,-23.51,Praia,CV,77,88,87,12.75,1603854491
487,58.3,-134.42,Juneau,US,45.73,81,75,10.29,1603854482
488,-0.16,-50.39,Afuá,BR,77.61,88,27,6.42,1603854494
489,9.97,98.63,Ranong,TH,83.12,72,99,7.47,1603854495
490,4.12,43.89,Oddur,SO,71.98,85,92,8.93,1603854496
491,25.53,-103.25,Matamoros,MX,87.8,16,5,9.17,1603854498
492,-26.79,-60.44,Presidencia Roque Sáenz Peña,AR,66.78,63,0,6.15,1603854499
493,49.21,-84.77,Hornepayne,CA,29.43,92,98,13.11,1603854500
494,60.82,-115.8,Hay River,CA,21.2,79,75,4.7,1603854501
495,31.21,16.59,Sirte,LY,69.31,67,6,14.72,1603854502
496,-2.67,141.3,Vanimo,PG,83.62,76,45,3.65,1603854503
497,54.72,-113.29,Athabasca,CA,34.86,87,9,10.98,1603854505
498,36.09,28.02,Lárdos,GR,68,77,20,2.24,1603854506
499,18.8,110.4,Wanning,CN,78.17,90,100,21.77,1603854507
500,16.17,-95.2,Salina Cruz,MX,80.08,77,62,1.36,1603854508
501,-10.17,123.58,Kupang,ID,88.61,60,27,9.75,1603854509
502,6.31,125.24,Malandag,PH,78.8,83,90,4.7,1603854487
503,-28.65,153.62,Byron Bay,AU,73.47,78,75,12.75,1603854511
504,-3.32,17.37,Bandundu Province,CD,71.4,98,100,2.62,1603854513
505,29.57,-104.42,Ojinaga,MX,36.43,55,90,3.36,1603854514
506,-20.02,148.23,Bowen,AU,87.8,43,75,11.41,1603854515
507,55.62,38.12,Il’inskiy,RU,39.47,93,20,6.71,1603854516
508,30.33,10.85,Nālūt,LY,53.73,93,55,8.63,1603854517
509,56.91,118.26,Chara,RU,7.65,87,2,1.01,1603854519
510,-31.47,19.78,Calvinia,ZA,50.47,52,25,4.21,1603854521
511,1.49,124.85,Manado,ID,89.04,54,100,5.03,1603854522
512,60.34,102.28,Vanavara,RU,22.32,91,100,12.39,1603854523
513,-35.43,-60.17,Veinticinco de Mayo,AR,59,82,14,6.31,1603854524
514,-13.2,49.05,Ambilobe,MG,71.85,80,1,3.87,1603854525
515,13.78,124.39,Gigmoto,PH,86.88,64,33,2.84,1603854526
516,8.41,48.48,Garoowe,SO,72.77,65,63,4.23,1603854527
517,39.46,-77.96,Martinsburg,US,57.29,82,90,3.36,1603854528
518,45.02,-93.22,Saint Anthony,US,31.57,91,90,11.41,1603854496
519,28.22,61.22,Khāsh,IR,54.36,33,0,4.94,1603854531
520,-45.87,170.5,Dunedin,NZ,54,68,65,23,1603854533
521,-17.53,146.03,Innisfail,AU,84,47,40,1.01,1603854534
522,36.9,-104.44,Raton,US,27.5,86,20,5.82,1603854455
523,39.01,-77.43,Sterling,US,59.59,87,90,1.77,1603854536
524,51.23,48.77,Dergachi,RU,30.24,91,18,3.94,1603854538
525,-12.04,-77.03,Lima,PE,62.29,77,20,13.87,1603854539
526,-5.36,104.97,Pringsewu,ID,86.67,60,69,4.85,1603854540
527,13.77,109.23,Qui Nhon,VN,76.14,83,100,41.92,1603854541
528,-32.93,151.78,Newcastle,AU,61.88,93,90,8.05,1603854523
529,-15.86,-38.88,Belmonte,BR,78.8,83,75,10.29,1603854543
530,-14.83,-64.9,La Santisima Trinidad,BO,76.8,77,56,4.38,1603854544
531,18.44,-73.09,Miragoâne,HT,81.72,75,1,4.74,1603854546
532,35.37,132.77,Izumo,JP,64.4,72,75,2.24,1603854467
533,50.12,12.35,Františkovy Lázně,CZ,40.75,91,94,1.01,1603854548
534,40.46,-90.67,Macomb,US,37.78,69,90,2.46,1603854549
535,-28.18,30.15,Glencoe,ZA,61.43,69,3,2.57,1603854550
536,54.43,113.6,Bagdarin,RU,23.76,81,96,1.21,1603854551
537,-38.82,146.1,Sandy Point,AU,64,69,71,13.89,1603854552
538,13.83,-88.92,El Salvador,SV,74.62,94,40,4.7,1603854555
539,53.05,158.65,Petropavlovsk-Kamchatskiy,RU,46.4,65,20,4.47,1603854316
540,-25.33,-57.53,San Lorenzo,PY,73.4,69,0,3.36,1603854557
541,-25.17,45.05,Beloha,MG,72.19,78,93,16.17,1603854558
542,63.44,-20.27,Vestmannaeyjar,IS,41.47,68,47,21.32,1603854507
543,22.42,74.57,Jobat,IN,76.91,35,0,2.89,1603854560
544,62.22,135.8,Dzhebariki-Khaya,RU,18.03,94,100,3,1603854519
545,51.22,40.48,Novaya Chigla,RU,36.77,77,0,10.38,1603854562
546,61.13,74.82,Lokosovo,RU,10.44,93,2,11.86,1603854564
547,58.97,-3.3,Stromness,GB,44.6,93,100,8.05,1603854565
548,22.28,113.57,Zhuhai,CN,78.89,73,20,11.41,1603854566
549,2.04,45.34,Mogadishu,SO,79.83,82,78,8.23,1603854359
550,17.02,54.09,Salalah,OM,75.2,53,20,3.36,1603854415
551,4.05,38.3,Mēga,ET,59.14,91,5,5.61,1603854569
552,40.42,-120.65,Susanville,US,39.85,38,1,6.93,1603854436
553,-8.1,156.84,Gizo Government Station,SB,85.03,75,100,11.25,1603854520
554,62.58,6.13,Roald,NO,42.89,81,85,8.05,1603854573
555,-8.65,115.22,Denpasar,ID,87.8,79,20,2.24,1603854574
556,46.62,10.7,Laas,IT,35.89,86,5,2.73,1603854575
557,60.92,-46.05,Narsaq,GL,30.2,80,100,1.03,1603854576
558,-22.12,14.28,Henties Bay,NA,57.99,89,93,5.17,1603854452
559,-30.51,-53.49,Caçapava do Sul,BR,54.57,87,35,7.18,1603854578
560,58.01,114.28,Balakhninskiy,RU,18.05,89,100,2.28,1603854580
561,-14.78,24.8,Kaoma,ZM,67.77,42,1,7.11,1603854581
562,16.73,82.22,Yanam,IN,81.84,60,82,4.43,1603854582
563,-51.62,-69.22,Río Gallegos,AR,48.2,36,0,11.41,1603854583
564,22.49,-79.55,Remedios,CU,78.8,94,40,6.93,1603854584
565,-9.67,-35.74,Maceió,BR,77,83,75,3.36,1603854380
566,38.77,48.41,Lerik,AZ,59,87,40,4.7,1603854587
567,32.38,15.09,Misratah,LY,67.98,63,3,15.26,1603854421
568,49.63,-105.98,Assiniboia,CA,40.15,78,86,19.44,1603854307
569,18,-76.79,Kingston,JM,78.58,74,20,8.05,1603854591
570,18.21,-71.1,Santa Cruz de Barahona,DO,80.13,77,92,8.1,1603854593
571,-9.97,-67.81,Rio Branco,BR,73.4,100,0,2.24,1603854595
572,-8.38,-74.55,Pucallpa,PE,79.77,74,63,2.75,1603854597
573,43.32,145.57,Nemuro,JP,55.4,66,75,5.82,1603854598
574,21.39,-158.15,Nānākuli,US,79.21,74,1,3.36,1603854269
575,-35.3,148.22,Tumut,AU,66.94,66,48,6.85,1603854600
576,-16.52,-151.75,Vaitape,PF,80.44,81,99,18.45,1603854601
577,-2.88,108.27,Manggar,ID,84.9,69,82,7.94,1603854295
578,-12.58,13.41,Benguela,AO,73.74,82,22,2.51,1603854604
579,52.83,70.78,Stepnyak,KZ,24.1,95,98,19.75,1603854605
580,51.15,37.89,Novikovo,RU,39.36,74,0,9.57,1603854298
581,33.73,135.98,Shingū,JP,69.8,56,75,2.24,1603854607
582,39.03,46.72,Mincivan,AZ,54.46,79,51,0.36,1603854608
583,36.21,-5.38,San Roque,ES,60.8,72,0,12.75,1603854609
584,49.49,105.92,Darhan,MN,39.29,65,3,7.63,1603854611
585,23.7,113.03,Qingyuan,CN,83.12,45,0,11.18,1603854612
586,56.34,29.37,Pustoshka,RU,47.12,93,76,10.33,1603854613
587,2.67,72.89,Kudahuvadhoo,MV,83.19,75,74,14.03,1603854614
588,38.47,106.27,Yinchuan,CN,48.61,45,86,1.25,1603854397
589,42.54,-72.54,Montague,US,42.39,92,100,0.29,1603854616
590,40.63,-74.27,Union,US,54.72,58,90,3.74,1603854617
591,44.92,2.45,Aurillac,FR,48.92,100,90,4.7,1603854487
592,16.86,-99.89,Acapulco de Juárez,MX,82.4,83,40,3.36,1603854504
593,-12.17,26.39,Solwezi,ZM,63.27,57,18,5.03,1603854621
594,-14.44,-67.53,Rurrenabaque,BO,73.51,76,71,0.83,1603854622
595,-0.72,8.78,Port-Gentil,GA,77.88,85,100,9.8,1603854377
596,55.3,-123.17,Mackenzie,CA,35.6,85,90,4.7,1603854625
597,-36.72,-73.12,Talcahuano,CL,53.6,76,75,5.82,1603854627
598,-16.23,39.91,Angoche,MZ,74.91,84,5,1.74,1603854628
599,-17.07,15.73,Ondjiva,AO,69.28,30,44,6.69,1603854629
600,39.18,-84.53,Hamilton,US,48.76,91,83,1.99,1603854386
601,48.83,-124.05,Lake Cowichan,CA,46.08,93,90,3.38,1603854631
602,49.68,-83.67,Hearst,CA,28.81,91,99,11.01,1603854430
603,-10.75,-77.77,Barranca,PE,62.28,90,100,6.71,1603854633
604,-40.81,175.12,Te Horo,NZ,64.42,68,99,3,1603854635
605,13.48,-16.68,Bakau,GM,77,94,5,6.51,1603854636
606,5.35,48.53,Hobyo,SO,79.16,77,3,5.59,1603854637
607,6.5,2.6,Porto-Novo,BJ,77.23,86,44,3.65,1603854522
608,-20.23,164.02,Poum,NC,77.29,73,100,10.78,1603854640
609,-35.72,150.18,Batemans Bay,AU,63.46,67,44,1.99,1603854642
610,17.97,-66.91,Guánica,PR,75.81,80,80,7.45,1603854643
611,51.37,110.47,Khilok,RU,38.05,64,0,2.75,1603854644
612,43.65,111.98,Erenhot,CN,42.67,45,0,5.68,1603854502
613,47.67,-122.12,Redmond,US,48.54,88,26,2.86,1603854402
614,15.98,77.05,Mānvi,IN,75.51,66,32,3.36,1603854610
615,-5.67,132.75,Tual,ID,82.44,76,97,13.8,1603854382
616,37.31,40.74,Mardin,TR,59,33,0,3.36,1603854653
617,28.07,95.33,Pāsighāt,IN,80.78,48,0,1.21,1603854654
618,10.88,122.49,Cabatuan,PH,87.31,67,20,0.45,1603854655
619,13.93,41.69,Edd,ER,80.47,45,0,11.81,1603854656
620,53.75,127.27,Zeya,RU,34.7,95,100,1.36,1603854657
621,-16.7,-151.02,Fare,PF,80.53,81,42,18.19,1603854660
622,21.64,69.61,Porbandar,IN,80.83,54,0,8.86,1603854661
623,58.81,-122.7,Fort Nelson,CA,24.8,100,20,2.24,1603854662
624,9.06,122.99,Maloh,PH,86,74,40,11.41,1603854663
625,32.67,-17.1,Ponta do Sol,PT,60.67,68,75,3.36,1603854400
626,70.37,31.11,Vardø,NO,41.85,90,100,14.99,1603854667
627,51.32,42.77,Kamenka,RU,32.52,86,1,9.8,1603854668
628,58.85,51.72,Chërnaya Kholunitsa,RU,29.88,95,33,9.33,1603854669
629,47.8,67.71,Zhezkazgan,KZ,29.19,92,34,13.13,1603854436
630,-9.88,-56.09,Alta Floresta,BR,75.56,74,40,2.62,1603854492
631,44.39,-68.2,Bar Harbor,US,38.77,55,40,5.82,1603854399
632,16.5,102.08,Khon Kaen,TH,81.23,71,100,5.86,1603854675
633,30.22,-90.9,Ascension,US,76.19,94,90,3.36,1603854676
634,-7.3,-70.22,Envira,BR,74.23,86,100,3.27,1603854677
635,39.47,141.95,Yamada,JP,58.62,55,7,6.42,1603854678
636,53.72,25.5,Berëzovka,BY,50.32,92,0,6.82,1603854680
637,-1.83,-44.87,Cururupu,BR,75.22,93,39,3.65,1603854306
638,38.42,-121.42,Laguna,US,59.63,47,1,6.69,1603854683
639,-31.43,152.92,Port Macquarie,AU,70.56,63,100,1.01,1603854168
640,5.14,-5.02,Grand-Lahou,CI,77.04,88,98,4.85,1603854685
641,41.05,44.61,Odzun,AM,46.33,78,99,0.94,1603854686
642,-2.92,-39.92,Itarema,BR,77.27,83,100,10.45,1603854468
643,0.97,-76.59,Puerto Guzmán,CO,74.37,84,100,4.47,1603854688
644,62.16,-7.17,Vestmanna,FO,44.6,87,99,12.75,1603854264
645,42.25,-75.83,Broome,US,43.32,87,90,3.36,1603854274
646,60.45,51,Koygorodok,RU,32.16,97,92,8.32,1603854692
647,37.57,126.98,Seoul,KR,62.6,39,20,3.36,1603854256
648,12.17,104.55,Kampong Chhnang,KH,79.83,73,100,17.43,1603854694
649,51.13,-3,Bridgwater,GB,48.07,85,80,3,1603854450
650,5.56,95.32,Banda Aceh,ID,85.28,62,99,13.91,1603854467
651,14.51,-92.19,Ocós,GT,73.4,100,90,4.7,1603854697
652,54.43,31.9,Sobolevo,RU,42.31,86,0,10.49,1603854447
653,53.5,34.39,Lyubokhna,RU,37.4,93,0,6.71,1603854700
654,10.7,-12.25,Dalaba,GN,61.5,67,100,2.73,1603854701
655,41.54,-8.62,Barcelos,PT,56.95,93,75,3.02,1603854702
656,15.13,-23.22,Vila do Maio,CV,77,88,97,12.75,1603854703
657,27.17,-82.33,Sarasota,US,78.78,83,1,10.29,1603854705
658,50.23,-63.6,Havre-St-Pierre,CA,26.6,73,20,3.36,1603854706
659,3.3,117.63,Tarakan,ID,81.12,74,100,3.42,1603854707
660,8.2,-59.78,Mabaruma,GY,74.44,97,9,1.36,1603854708
661,-30.69,26.71,Aliwal North,ZA,60.89,62,14,4.16,1603854709
662,16.52,-98.75,Barra de Tecoanapa,MX,80.6,85,81,4.7,1603854710
663,9.18,105.15,Ca Mau,VN,86.29,68,100,14.67,1603854711
664,16.45,-85.85,Savannah Bight,HN,83.86,80,89,24.92,1603854713
665,47.57,-122.63,Bremerton,US,48.85,96,6,2.89,1603854714
666,17.49,120.43,Santa,PH,86.41,71,43,5.1,1603854715
667,-23.86,35.35,Maxixe,MZ,70.75,91,1,6.11,1603854716
668,14.4,46.47,Marzuq,YE,56.86,33,0,1.95,1603854399
669,0.6,-80.03,Muisne,EC,74.1,88,100,11.3,1603854484
670,21.28,-88.93,Dzilam González,MX,74.97,97,100,8.95,1603854719
671,5.87,-74.64,Puerto Triunfo,CO,75.88,91,100,1.21,1603854721
672,-23.1,-48.62,Itatinga,BR,64.71,68,0,4.25,1603854671
673,58.38,97.45,Boguchany,RU,33.49,92,100,7.07,1603854723
674,15.8,-84.28,Barra Patuca,HN,80.08,83,100,7.09,1603854724
675,34.5,109.51,Weinan,CN,54.09,100,40,2.24,1603854663
676,3.77,12.25,Akonolinga,CM,67.12,97,100,2.21,1603854726
677,-14.24,31.33,Petauke,ZM,69.53,51,0,5.91,1603854728
678,48.28,-116.55,Sandpoint,US,33.33,69,1,6.93,1603854729
679,51.18,-114.47,Cochrane,CA,43.59,56,40,6.93,1603854728
680,-1.76,-48.8,Ipixuna,BR,77,88,0,4.7,1603854731
681,-20.06,30.83,Masvingo,ZW,62.76,58,0,4.9,1603854733
682,65.58,-171,Lavrentiya,RU,28.09,90,39,8.12,1603854280
683,37.4,136.9,Wajima,JP,60.8,51,75,3.36,1603854736
684,-4,33.7,Igurubi,TZ,69.93,55,46,6.55,1603854737
685,-34.05,23.37,Plettenberg Bay,ZA,60.04,69,60,5.66,1603854390
686,50.63,-96.99,Gimli,CA,33.51,98,100,3,1603854739
687,63.79,74.52,Muravlenko,RU,2.01,92,0,12.55,1603854502
688,-43.3,-65.1,Rawson,AR,56.75,36,15,10.58,1603854048
689,36.65,53.3,Nekā,IR,64.13,81,77,3.42,1603854742
690,-31.73,-60.52,Paraná,AR,62.01,66,0,6.82,1603854743
691,18.43,-68.97,La Romana,DO,75.2,100,75,8.55,1603854745
692,13.96,7.67,Mayahi,NE,77.52,17,7,7.92,1603854746
693,34.67,138.95,Shimoda,JP,64.36,68,75,10.29,1603854189
694,-7.84,-79.15,Chicama,PE,64.47,81,93,5.06,1603854749
695,64.75,20.95,Skellefteå,SE,42.31,100,98,6.93,1603854750
696,45.04,41.97,Stavropol,RU,46.2,93,40,17.9,1603854751
697,4.32,17.47,Boda,CF,69.33,94,91,1.88,1603854525
698,53.41,24.54,Masty,BY,49.39,92,0,5.95,1603854753
699,53.92,-122.75,Prince George,CA,35.35,93,90,9.17,1603854306
700,42.6,-84.38,Ingham,US,36.66,93,90,6.62,1603854756
701,54.72,158.62,Mil'kovo,RU,40.06,77,99,3.62,1603854513
702,-0.61,-47.36,Salinópolis,BR,79.72,85,60,10.78,1603854517
703,61.28,108.01,Yerbogachën,RU,20.5,93,94,6.29,1603854759
704,42.8,93.45,Kumul,CN,53.92,33,0,9.15,1603854507
705,-6.64,-51.99,São Félix do Xingu,BR,75,84,4,2.24,1603854761
706,10.53,106.42,Tan An,VN,82.4,74,90,10.29,1603854729
707,12.67,79.28,Arni,IN,79.88,71,54,6.08,1603854764
708,-9.09,-78.58,Chimbote,PE,62.46,89,98,5.73,1603854740
709,34.73,-120.03,Santa Barbara,US,57.74,41,1,3.36,1603854625
710,20.86,92.31,Teknāf,BD,82.71,76,1,3.56,1603854767
711,-19.55,169.27,Isangel,VU,79.41,69,13,15.48,1603854407
712,46.72,-79.1,Témiscaming,CA,33.58,95,90,8.05,1603854769
713,65.61,72.68,Staryy Nadym,RU,1.92,89,0,6.08,1603854770
714,-22,148.05,Moranbah,AU,88.54,36,8,14.29,1603854772
715,-23.7,133.88,Alice Springs,AU,87.8,10,0,6.93,1603854446
716,18.82,82.72,Korāput,IN,72.93,55,12,4.81,1603854521
717,6.04,80.22,Galle,LK,82.02,75,65,5.88,1603854775
718,-6.37,31.04,Mpanda,TZ,70.29,68,96,5.08,1603854777
719,33.85,-118.05,La Palma,US,65.98,32,1,4.52,1603854778
720,42.97,-82.42,Port Huron,US,36.27,93,90,7.4,1603854576
721,51.8,68.33,Atbasar,KZ,27.25,92,99,16.46,1603854781
722,-0.13,-67.09,São Gabriel da Cachoeira,BR,76.17,93,97,0.67,1603854525
723,40.7,-99.08,Kearney,US,28.4,68,1,10.29,1603854783
724,-8.75,148.25,Popondetta,PG,91.94,49,1,7.61,1603854784
725,4.96,-76.61,Nóvita,CO,74.91,91,100,1.66,1603854785
726,48.01,91.64,Khovd,MN,39.76,56,10,2.17,1603854786
727,-9.45,-46.3,Morros,BR,72.39,92,99,2.75,1603854668
728,22.95,81.08,Dindori,IN,75,47,0,1.43,1603854790
729,7.98,49.82,Eyl,SO,76.21,70,11,4.12,1603854791
730,9.54,-13.68,Conakry,GN,80.83,81,87,6.76,1603854501
731,-8.27,-72.74,Porto Walter,BR,78.28,65,100,0.45,1603854795
732,63.84,-22.43,Grindavik,IS,41,52,0,25.28,1603854294
733,-7.26,-64.8,Lábrea,BR,72.59,97,100,1.43,1603854463
734,15.45,36.4,Kassala,SD,77.54,47,0,4.03,1603854430
735,-16.92,145.77,Cairns,AU,89.44,58,46,10.29,1603854800
736,6.36,2.09,Ouidah,BJ,78.76,84,64,7.63,1603854801
737,55.75,49.65,Pestretsy,RU,28.4,86,0,6.71,1603854802
738,-7.95,110.28,Bambanglipuro,ID,83.64,68,72,10.83,1603854803
739,-24.63,17.97,Mariental,NA,67.68,26,34,3.09,1603854804
740,36.4,-97.88,Enid,US,30.52,100,90,3.36,1603854402
741,43.21,-75.46,Rome,US,40.19,86,90,3.6,1603854807
742,-4.28,-55.98,Itaituba,BR,78.73,82,71,0.98,1603854808
743,-5.9,22.42,Kananga,CD,68.31,97,100,3,1603854809
744,-18.37,21.85,Shakawe,BW,69.98,32,0,5.97,1603854810
745,-6.13,24.48,Kabinda,CD,66.94,94,76,0.78,1603854811
746,12.06,-61.75,St. George's,GD,78.8,88,20,6.93,1603854812
747,28.47,-16.25,Santa Cruz de Tenerife,ES,63.59,77,75,6.93,1603854814
748,-8.76,31.11,Mpulungu,ZM,74.73,55,45,6.76,1603854815
749,-38.72,-62.27,Bahía Blanca,AR,55.26,63,0,7.9,1603854307
750,11.4,-69.67,Coro,VE,78.94,83,11,10.96,1603854817
751,43.01,-83.69,Flint,US,36.23,86,90,4.7,1603854818
752,45.1,-87.63,Marinette,US,33.8,50,1,8.05,1603854819
753,21.46,-71.14,Cockburn Town,TC,82.74,79,28,22.57,1603854482
754,-45.87,-67.5,Comodoro Rivadavia,AR,55.4,47,0,11.41,1603854421
755,-40.81,-63,Viedma,AR,53.94,39,1,5.23,1603854823
756,17.89,-77.59,Bull Savanna,JM,76.17,85,52,4.27,1603854824
757,43.37,-8.4,A Coruña,ES,54.99,82,0,8.05,1603854825
758,30.65,113.77,Hanchuan,CN,60.8,63,65,6.71,1603854826
759,10.49,-75.13,Repelón,CO,83.16,88,20,6.93,1603854827
760,7.38,8.57,Yaan,NG,73.2,88,13,3.91,1603854828
761,-28.78,32.04,Richards Bay,ZA,73.47,79,5,15.08,1603854303
762,51.5,156.52,Ozernovskiy,RU,44.91,76,0,5.95,1603854830
763,-16.56,-42.89,Grão Mogol,BR,67.08,94,33,1.9,1603854832
764,37.46,-122.43,Half Moon Bay,US,61.09,34,20,11.41,1603854281
765,64.57,30.58,Kostomuksha,RU,42.55,96,100,4.27,1603854390
766,52.7,118.81,Ust'-Karsk,RU,32.09,77,0,3.42,1603854835
767,-14.25,129.55,Port Keats,AU,95.16,42,4,3.87,1603854666
768,61.99,5.14,Raudeberg,NO,48.99,79,82,14.58,1603854837
769,-14.48,35.26,Mangochi,MW,73.31,65,34,4.63,1603854839
770,29.27,82.18,Jumla,NP,59.72,29,0,1.14,1603854840
771,10.34,-68.74,San Felipe,VE,72.18,93,42,1.83,1603854842
772,70.02,135.6,Ust-Kuyga,RU,6.1,93,91,4.27,1603854843
773,45.78,-108.5,Billings Metropolitan Area,US,34.25,50,40,24.16,1603854559
774,27.91,-97.15,Aransas Pass,US,53.69,93,90,16.11,1603854846
775,27.04,14.43,Sabha,LY,62.71,31,0,2.82,1603854315
776,24.91,67.08,Karachi,PK,64.4,88,0,6.44,1603854849
777,61.38,152.75,Talaya,RU,21.85,83,0,1.61,1603854850
778,4.77,33.59,Kapoeta,SS,75.74,69,39,4.05,1603854851
779,42.21,-71.69,Grafton,US,46.11,65,90,3.36,1603854852
780,-1.77,-55.87,Oriximiná,BR,78.44,87,91,2.24,1603854853
781,3.17,-52.32,Camopi,GF,74.34,87,11,3.11,1603854267
782,11.03,-63.86,La Asuncion,VE,79.92,86,50,10.45,1603854473
783,-34.67,-54.92,Departamento de Maldonado,UY,59,93,90,18.34,1603854386
784,-0.69,100.95,Sijunjung,ID,88.23,50,68,1.99,1603854858
785,-2.89,-40.12,Acaraú,BR,76.98,85,100,10.29,1603854526
786,60.41,57.08,Krasnovishersk,RU,31.73,98,100,7.14,1603854860
787,43.77,11.25,Florence,IT,44.87,100,0,2.24,1603854861
788,-3.67,152.43,Namatanai,PG,86.45,64,29,1.39,1603854448
789,5.89,95.32,Sabang,ID,82.53,74,98,21,1603854863
790,57.84,108.35,Alekseyevsk,RU,29.1,95,88,3.4,1603854865
791,9.66,-68.58,San Carlos,VE,73.26,92,1,2.35,1603854866
792,-14.98,27.06,Mumbwa,ZM,71.1,38,0,9.91,1603854868
793,1.2,-70.17,Mitú,CO,74.01,96,100,1.52,1603854869
794,18.22,-63.06,The Valley,AI,81.79,69,20,17.22,1603854485
795,-26.5,17.16,Bethanien,NA,59.02,35,2,1.23,1603854287
796,69.35,87.76,Kayerkan,RU,-1.55,82,0,4.94,1603854872
797,67.31,14.45,Løpsmarka,NO,39.65,80,0,11.41,1603854874
798,36.17,54.35,Dāmghān,IR,50.72,61,0,1.07,1603854875
799,35.7,-79.82,Randolph,US,56.89,100,1,2.86,1603854876
800,-9.54,16.34,Malanje,AO,67.12,95,100,4.97,1603854877
801,68.38,17.6,Beisfjord,NO,25.23,100,15,6.93,1603854878
802,10.5,10,Bauchi,NG,70.25,32,1,4.68,1603854879
803,41.96,42.96,Khani,GE,68,45,0,27.51,1603854881
804,-6.28,143.99,Ialibu,PG,63.19,95,95,2.77,1603854882
805,44.87,25.65,Bucşani,RO,50.68,100,75,6.93,1603854883
806,-13.47,25,Kalengwa,ZM,63.36,56,0,2.68,1603854885
807,51.55,-9.27,Skibbereen,IE,42.8,87,40,12.75,1603854886
808,5.4,125.46,Sarangani,PH,79.03,77,100,1.97,1603854888
809,55.17,-118.8,Grande Prairie,CA,35.6,86,75,6.93,1603854889
810,-23.02,-48.01,Conchas,BR,69.91,60,0,4.83,1603854890
811,22.55,114.07,Shenzhen,CN,74.68,67,100,5.99,1603854533
812,-33.38,148.02,Forbes,AU,75,49,16,1.99,1603854893
813,55.34,-131.65,Ketchikan,US,43.5,100,90,3.36,1603854761
814,58.52,-117.14,High Level,CA,26.6,92,90,6.93,1603854896
815,54.67,20.13,Tsimmerbude,RU,46.4,93,100,6.71,1603854897
816,-12.49,130.98,Palmerston,AU,89.42,62,40,6.93,1603854898
817,41.94,-1.44,Cortes,ES,48.2,87,32,3.36,1603854899
818,54.81,105.16,Zhigalovo,RU,34.95,82,68,2.82,1603854900
819,38.44,57.43,Baharly,TM,49.17,49,0,5.48,1603854902
820,53.62,109.62,Barguzin,RU,30.78,88,33,4.32,1603854903
821,-39.03,-67.58,General Roca,AR,57.2,35,0,4.7,1603854905
822,60.39,6.19,Øystese,NO,43.93,87,77,1.99,1603854906
823,18.76,-69.04,El Seibo,DO,75.2,100,75,6.78,1603854908
824,-7.02,-35.46,Mulungu,BR,75.11,83,75,11.41,1603854909
825,-10.98,-66.1,Riberalta,BO,73.44,96,96,1.28,1603854911
826,26.59,101.71,Panzhihua,CN,75.38,62,75,2.51,1603854912
827,65.75,150.85,Zyryanka,RU,11.71,93,0,6.38,1603854913
828,12.47,-3.47,Dédougou,BF,75.92,19,37,0.51,1603854915
829,57.81,42.24,Ostrovskoye,RU,37.44,93,70,9.71,1603854917
830,-8.19,114.97,Banjar,ID,87.8,79,20,2.24,1603854918
831,44.65,-63.57,Halifax,CA,37.76,72,100,8.72,1603854710
832,43.1,5.88,La Seyne-sur-Mer,FR,50.92,76,0,4.7,1603854906
833,57.77,29.56,Porkhov,RU,55.4,82,75,13.42,1603854924
834,-38.68,177.92,Manutuke,NZ,57.99,77,100,1.99,1603854925
835,66.08,76.63,Novy Urengoy,RU,-1.86,89,0,9.17,1603854926
836,53.47,35.09,Khvastovichi,RU,37.4,93,0,6.71,1603854927
837,19.6,76.22,Partūr,IN,76.1,50,0,2.26,1603854928
838,4.38,-7.72,Harper,LR,77.74,86,80,5.17,1603854433
839,-0.45,39.64,Garissa,KE,75.81,82,52,11.56,1603854931
840,-37.83,140.77,Mount Gambier,AU,66.2,55,75,3.36,1603854932
841,58.45,92.17,Yeniseysk,RU,37.11,91,100,9.4,1603854933
842,50.1,-91.92,Sioux Lookout,CA,26.6,86,90,16.11,1603854935
843,26.33,43.98,Buraidah,SA,59,41,0,3.36,1603854803
844,-5.3,36.57,Kibaya,TZ,60.85,87,97,7.2,1603854938
845,42.87,-97.4,Yankton,US,33.91,51,1,13.87,1603854939
846,20.2,1.01,Tessalit,ML,75.31,19,0,7.63,1603854940
847,7.06,-1.4,Mampong,GH,69.48,98,100,3.09,1603854941
848,28.37,129.48,Naze,JP,79.72,57,40,8.05,1603854942
849,-25.3,152.85,Hervey Bay,AU,81.97,65,75,10.29,1603854941
850,-19,-57.6,Ladário,BR,73.99,76,0,1.5,1603854944
851,12.35,29.25,Abū Zabad,SD,77.81,28,0,10.16,1603854946
852,40.6,43.09,Kars,TR,30.2,74,0,2.24,1603854947
853,5.88,-10.05,Buchanan,LR,77.85,85,64,4.83,1603854948
854,62.1,126.7,Berdigestyakh,RU,9.52,90,100,4.54,1603854949
855,16.41,-3.67,Goundam,ML,81.05,15,0,5.32,1603854950
856,52.77,87.89,Tashtagol,RU,33.67,92,100,9.1,1603854951
857,21.43,39.83,Makkah al Mukarramah,SA,71.06,64,0,0.43,1603854451
858,29.97,40.21,Sakakah,SA,68,15,0,10.29,1603854954
859,59.57,150.8,Magadan,RU,35.35,72,0,4.05,1603854955
860,-17.4,32.23,Mutoko,ZW,62.19,65,0,9.48,1603854956
861,27.32,-112.28,Santa Rosalía,MX,59.76,48,0,8.52,1603854957
862,6.23,120.56,Pandan Niog,PH,83.84,73,78,6.04,1603854958
863,69.31,16.12,Andenes,NO,33.8,71,65,6.93,1603854960
864,32.33,-117.03,Rosarito,MX,65.55,44,1,3.78,1603854961
865,22.08,85.67,Chāmpua,IN,75.7,44,0,3.96,1603854962
866,32.87,59.22,Birjand,IR,39.2,29,0,6.93,1603854963
867,18.03,-77.85,Black River,JM,81,83,20,4.7,1603854964
868,56.89,21.19,Pāvilosta,LV,50.18,81,15,11.41,1603854965
869,2.15,21.52,Lisala,CD,69.98,99,100,1.3,1603854967
870,13.59,-89.83,Acajutla,SV,70,100,84,4.83,1603854969
871,38.4,23.6,Vathy,GR,55.27,93,40,3.36,1603854970
872,8.3,35.58,Metu,ET,52.59,89,0,3.29,1603854971
873,36.73,-108.22,Farmington,US,28.4,74,1,3.36,1603854747
874,34.17,77.58,Leh,IN,36.59,51,0,2.24,1603854973
875,37.32,27.78,Milas,TR,51.8,93,0,4.7,1603854974
876,36.83,-119.7,Clovis,US,59.74,33,1,2.8,1603854774
877,-3.94,119.78,Tanete,ID,93,46,97,8.84,1603854977
878,60.91,34.17,Podporozh'ye,RU,46.47,89,100,11.43,1603854978
879,40.23,27.24,Biga,TR,60.55,100,1,4.7,1603854979
880,10.7,105.12,Cho Dok,VN,83.68,71,100,10.29,1603854814
881,35.92,-94.97,Tahlequah,US,37.63,100,90,6.38,1603854981
882,-34.58,-60.94,Junín,AR,60.01,36,83,7.87,1603854982
883,52.8,104.75,Ust'-Ordynskiy,RU,41,65,0,11.18,1603854984
884,20.79,-156.47,Kīhei,US,76.03,65,75,6.53,1603854985
885,-2.85,11.03,Tchibanga,GA,72.45,96,100,5.46,1603854986
886,-26.18,-58.18,Formosa,AR,69.8,77,0,6.93,1603854987
887,-6.84,-79.93,Pimentel,PE,63.3,86,88,11.39,1603854988
888,56.92,65.54,Onokhino,RU,21.2,85,0,6.71,1603854990
889,46.83,126.5,Wangkui,CN,39.09,67,0,10.87,1603854991
890,-23.65,-70.4,Antofagasta,CL,59,82,75,12.75,1603854246
891,-21.64,-41.05,São João da Barra,BR,74.32,92,100,12.03,1603854405
892,45.92,10.89,Arco,IT,42.06,85,16,1.01,1603854996
893,33.34,44.4,Baghdad,IQ,57.2,62,0,3.36,1603854952
894,5.35,-0.62,Winneba,GH,77,100,20,6.93,1603854999
895,42.83,11.25,Provincia di Grosseto,IT,45.79,87,0,5.82,1603855000
896,36.04,-114.98,Henderson,US,57.72,16,1,4.7,1603855001
897,47.87,88.12,Altay,CN,45.59,47,39,2.42,1603855002
898,-8.14,159.59,Buala,SB,84.78,75,55,8.88,1603855003
899,44.06,-103.15,Rapid Valley,US,34.09,74,1,4.7,1603855004
900,40.74,-7.73,Sátão,PT,54.72,93,100,5.01,1603855006
901,37.73,-25.67,Ponta Delgada,PT,64.4,59,75,9.17,1603854434
902,36.56,104.21,Baiyin,CN,37.4,86,75,11.18,1603855008
903,33.59,-7.62,Casablanca,MA,56.12,93,0,6.93,1603854947
904,59.64,-151.55,Homer,US,38.88,48,1,3.36,1603855010
905,12.18,125.51,San Policarpo,PH,84.74,72,5,5.12,1603855011
906,60.37,93.04,Severo-Yeniseyskiy,RU,23.02,98,100,11.41,1603855012
907,19.75,10.25,Agadez,NE,63.84,27,0,2.08,1603855013
908,54.32,-130.32,Prince Rupert,CA,44.6,100,90,2.08,1603855015
909,-17.88,15.07,Ongandjera,NA,69.33,26,11,10.49,1603855016
910,38.23,-121.95,Solano,US,58.19,34,1,3.27,1603855017
911,58.73,50.18,Slobodskoy,RU,30.18,95,0,8.1,1603855018
912,24.69,46.72,Riyadh,SA,60.8,36,0,1.23,1603854836
913,22.68,-3.98,Taoudenni,ML,77.36,19,0,1.01,1603855020
914,15.35,75.17,Hubli,IN,75.13,62,0,8.57,1603855021
915,36.75,3.04,Algiers,DZ,50,93,20,4.43,1603855023
916,62.67,131.17,Borogontsy,RU,8.15,91,100,3,1603855024
917,10.77,79.83,Nagapattinam,IN,82.83,70,0,9.91,1603855025
918,2.82,-60.67,Boa Vista,BR,84.2,62,20,6.93,1603855026
919,25.12,62.33,Gwadar,PK,73.71,54,0,6.62,1603855027
920,38.98,26.37,Plomari,GR,57.2,87,20,5.82,1603855028
921,56.08,99.63,Chunskiy,RU,38.07,76,98,8.12,1603855029
922,27.55,79.68,Allāhganj,IN,73.44,27,0,4.27,1603855031
923,40.6,-77.57,Lewistown,US,51.55,100,75,1.39,1603855032
924,-20.12,16.15,Outjo,NA,71.65,22,82,8.12,1603855033
925,18.2,-73.75,Les Cayes,HT,77.68,78,0,5.17,1603855035
926,20.43,96.15,Yamethin,MM,82.27,70,27,0.65,1603855037
927,-22.22,30,Beitbridge,ZW,70.59,44,0,6.58,1603855040
928,5.95,80.54,Matara,LK,82.71,72,80,5.93,1603855041
929,59.7,150.17,Arman',RU,35.76,68,0,2.01,1603855042
930,-9.3,32.77,Tunduma,TZ,55.29,97,0,2.95,1603855043
931,0.53,72.93,Thinadhoo,MV,84.24,66,45,11.7,1603855044
932,20.22,-96.78,Nautla,MX,77.14,82,100,1.81,1603855045
933,35.17,-94.27,Sebastian,US,47.73,93,90,4.7,1603855046
934,0.54,123.06,Gorontalo,ID,91.53,52,80,5.32,1603855048
935,-4.3,-38.5,Chorozinho,BR,80.6,78,75,9.17,1603855049
936,7.8,-8.53,Lola,GN,70.11,77,51,1.23,1603855050
937,54.3,110.3,Kurumkan,RU,28.71,86,57,2.53,1603855051
938,-27.16,-48.55,Porto Belo,BR,69.08,88,0,5.86,1603855052
939,17.49,44.13,Najrān,SA,59,24,0,1.12,1603855053
940,19.7,72.7,Shirgaon,IN,80.6,53,0,2.98,1603855054
941,-1.62,11.61,Mimongo,GA,69.17,95,100,2.98,1603855029
942,-10.41,-36.43,Piaçabuçu,BR,76.08,87,100,12.15,1603854480
943,-22.96,14.51,Walvis Bay,NA,57.58,82,100,3.36,1603854494
944,62.72,129.67,Namtsy,RU,5,77,40,4.47,1603855060
945,-12.38,16.93,Kuito,AO,64.33,75,65,5.48,1603855061
946,-6.2,-42.14,Elesbão Veloso,BR,75.16,85,100,3.53,1603855062
947,11.71,-72.27,Uribia,CO,80.73,78,2,8.86,1603855065
948,50.68,113.59,Dul'durga,RU,36.14,69,33,3.98,1603855066
949,36.73,68.86,Kunduz,AF,60.87,29,100,1.1,1603855067
950,31.5,34.47,Gaza,PS,70.29,100,80,1.99,1603854826
951,-16.35,-53.76,Guiratinga,BR,75.49,85,94,3.53,1603855069
952,38.08,46.29,Tabriz,IR,44.6,56,0,4.7,1603854920
953,46.17,-1.15,La Rochelle,FR,57.2,82,75,10.29,1603855071
954,8.13,77.3,Manavālakurichi,IN,83.28,69,77,3.76,1603855073
955,4.75,115,Limbang,MY,89.29,59,75,4.7,1603855074
956,57.4,67.08,Yarkovo,RU,22.33,94,100,6.53,1603855075
957,-9.83,-45.34,Gilbués,BR,72.05,91,68,0.27,1603855076
958,29.72,120.24,Zhuji,CN,68.72,68,40,8.95,1603855077
959,-31.63,-60.7,Santa Fe,AR,61,67,0,5.26,1603855078
960,57.88,34.99,Udomlya,RU,43.66,85,28,11.21,1603855079
961,22.69,58.53,Ibrā’,OM,69.3,58,0,2.82,1603855081
962,-14.07,-39.64,Ibirataia,BR,71.92,95,100,1.32,1603855082
963,20.35,-102.77,Ocotlán,MX,68.65,52,40,8.05,1603855083
964,-29.13,-56.55,Itaqui,BR,58.71,70,0,5.12,1603855084
965,40.65,69.99,Adrasmon,TJ,41,56,75,24.61,1603855085
966,6.62,73.07,Kulhudhuffushi,MV,82.65,73,6,6.6,1603855086
967,42.78,-9.06,Muros,ES,54,95,100,1.01,1603855087
968,18.45,-78.17,Lucea,JM,80.56,83,20,4.7,1603855089
969,-20.21,57.76,Quatre Cocos,MU,73.99,75,17,1.99,1603854518
970,49.49,0.11,Le Havre,FR,51.03,87,74,17.22,1603854869
971,52.14,-122.14,Williams Lake,CA,32,92,90,3.36,1603855093
972,21.23,-86.73,Isla Mujeres,MX,82.18,83,75,13.87,1603855094
973,34.88,-76.9,Havelock,US,63.54,95,56,2.04,1603855095
974,-22.93,26.57,Kalamare,BW,68.85,43,0,11.56,1603855097
975,38.42,23.65,Agios Nikolaos,GR,53.82,100,20,3.24,1603855098
976,5.85,6.86,Ihiala,NG,73.69,98,100,2.64,1603855099
977,57.86,45.78,Vetluga,RU,32.7,95,0,8.79,1603855100
978,46.56,39.64,Kushchëvskaya,RU,50.76,77,2,14.25,1603855101
979,13.6,26.69,Umm Kaddadah,SD,79.61,22,0,15.68,1603855103
980,-16.1,167.42,Lakatoro,VU,84.2,70,75,11.41,1603855105
981,-5.2,-35.46,Touros,BR,77,83,40,3.36,1603855106
982,-27.83,25.91,Hoopstad,ZA,69.42,36,0,6.96,1603855107
983,5.75,-75.61,La Pintada,CO,56.89,100,40,6.93,1603855109
984,51.81,4.67,Dordrecht,NL,50.67,90,62,4,1603855110
985,39.6,-110.81,Price,US,42.8,33,1,12.75,1603855111
986,12.67,100.9,Sattahip,TH,84.2,79,20,9.17,1603855112
987,12.58,-81.7,San Andrés,CO,84.2,79,40,6.93,1603855082
988,49.66,30.98,Myronivka,UA,47.21,85,0,6.44,1603855115
989,12.82,76.76,Nāgamangala,IN,71.6,71,0,5.28,1603855116
990,29.55,66.02,Nushki,PK,59.77,26,0,3.27,1603855117
991,45.41,141.67,Wakkanai,JP,55.4,71,20,10.29,1603855118
992,-33.48,150.15,Lithgow,AU,57,79,83,3,1603855119
993,16.78,94.73,Pathein,MM,83.17,79,77,5.77,1603855121
994,19.67,-102.23,Charapán,MX,59,88,90,3.02,1603855122
995,-24.22,-48.77,Ribeirão Branco,BR,61.93,68,0,3.18,1603855123
996,-0.5,117.15,Samarinda,ID,92.88,50,80,2.42,1603854862
997,66.42,112.4,Udachny,RU,-9.54,88,96,2.82,1603855125
998,43.15,-93.2,Mason City,US,27.5,79,1,10.29,1603854902
999,13.98,10.27,Gouré,NE,78.01,23,0,8.01,1603855127
1000,-2.88,-41.67,Luís Correia,BR,78.46,83,68,11.59,1603855128
1001,-22.3,-44.93,Itanhandu,BR,70,70,0,1.12,1603855130
1002,4.25,117.89,Tawao,MY,82.15,88,40,3.36,1603854995
1003,27.67,54.14,Gerāsh,IR,55.4,54,0,1.79,1603855132
1004,55.02,52.74,Dzhalil',RU,29.43,91,95,9.46,1603855134
1005,35,132.22,Gōtsuchō,JP,62.6,72,0,6.93,1603855135
1006,-9.7,33.27,Chitipa,MW,61.38,84,0,5.17,1603855137
1007,52.54,43.25,Tamala,RU,30.04,92,0,8.08,1603855138
1008,55,74.1,Kormilovka,RU,24.8,100,75,17.9,1603855139
1009,56.4,68.37,Golyshmanovo,RU,22.41,94,44,13.8,1603855010
1010,29.85,-90.11,Estelle,US,78.21,100,90,5.82,1603855141
1011,27.97,73.55,Napāsar,IN,77.38,17,0,7.34,1603855142
1012,-27.01,30.81,Piet Retief,ZA,59.85,79,0,4.14,1603855143
1013,42.03,-93.62,Ames,US,27.84,73,1,8.05,1603855033
1014,13.08,109.3,Tuy Hoa,VN,75.83,81,100,23.87,1603855146
1015,44.37,-100.35,Pierre,US,33.69,64,1,16.11,1603854902
1016,36.62,101.77,Xining,CN,38.26,72,0,2.89,1603855148
1017,41.37,-81.85,Berea,US,43.25,93,90,2.53,1603855149
1018,34.57,76.1,Kargil,IN,36.66,58,17,2.13,1603855150
1019,34.1,-98.57,Burkburnett,US,32.45,99,90,14.99,1603855151
1020,41.71,-70.23,Yarmouth,US,50.97,57,90,4.7,1603854864
1021,-18.67,-66.02,Colquechaca,BO,40.41,69,2,5.06,1603855153
1022,5.5,120.88,Latung,PH,83.91,79,48,8.97,1603855155
1023,16.33,-61.35,Le Moule,GP,75.2,94,40,13.6,1603855156
1024,62.14,117.63,Suntar,RU,18.52,86,100,4.05,1603855157
1025,68.31,-53.46,Kangaatsiaq,GL,22.82,93,99,6.82,1603855158
1026,53.17,63.58,Kostanay,KZ,17.6,92,0,8.95,1603855159
1027,47.5,-120.5,Washington,US,37.81,64,1,3.36,1603855160
1028,51.83,107.61,Ulan-Ude,RU,26.6,63,0,2.24,1603855161
1029,45.63,85.18,Baijiantan,CN,51.82,40,100,3,1603855163
1030,49.22,143.12,Poronaysk,RU,43.41,73,99,2.66,1603855164
1031,38.73,-27.07,Praia da Vitória,PT,61.32,77,75,7.43,1603855165
1032,56.45,138.17,Ayan,RU,34.99,88,100,11.12,1603855166
1033,54.52,-128.6,Terrace,CA,46.4,93,90,8.05,1603855167
1034,4.36,18.55,Bangui,CF,71.6,94,40,0.78,1603855168
1035,-17.83,-149.27,Teahupoo,PF,82.2,74,40,13.87,1603855169
1036,32.22,-98.2,Stephenville,US,35.49,100,90,13.87,1603855171
1037,13.83,20.83,Abéché,TD,77.38,23,0,8.37,1603855172
1038,34.7,44.97,Kifrī,IQ,60.98,32,0,3.47,1603855173
1039,-7.47,-34.81,Pitimbu,BR,77,88,40,5.82,1603855174
1040,58.94,69.13,Turtas,RU,17.22,95,100,7.16,1603855175
1041,-18.06,13.84,Opuwo,NA,66,42,73,0.54,1603855176
1042,25.38,97.4,Myitkyina,MM,83.34,57,10,2.26,1603855178
1043,44.9,-89.77,Marathon,US,30.13,54,40,11.41,1603855179
1044,37.48,141,Namie,JP,62.33,57,92,6.15,1603855180
1045,13.73,-84.78,Siuna,NI,73.27,94,100,2.33,1603855181
1046,8.46,25.68,Raja,SS,71.87,81,72,2.1,1603855182
1047,-9.91,-63.04,Ariquemes,BR,75.49,86,37,4.25,1603855183
1048,52.96,4.76,Den Helder,NL,53.28,66,75,16.11,1603855185
1049,41.88,16.18,Vieste,IT,56.55,93,75,10.29,1603855186
1050,18.45,-88.92,Nicolás Bravo,MX,73.94,97,20,2.08,1603855188
1051,-1.4,120.75,Poso,ID,88.3,55,100,5.41,1603855189
1052,35.24,129.21,Gijang,KR,64.4,45,96,6.93,1603855190
1053,-33.04,-71.63,Valparaíso,CL,57,62,55,14.05,1603855182
1054,-14.27,50.17,Sambava,MG,71.55,84,3,7.74,1603855193
1055,30.05,-98.03,Hays,US,40.66,93,90,17.22,1603854982
1056,34.39,67.02,Panjāb,AF,35.22,63,1,5.79,1603855195
1057,41.14,-73.36,Westport,US,51.4,58,90,5.82,1603855196
1058,42.32,-8.79,Bueu,ES,56.19,100,40,2.24,1603855197
1059,-26.37,-70.05,Diego de Almagro,CL,52.5,59,0,1.66,1603855198
1060,-0.88,131.25,Sorong,ID,84.2,70,67,1.72,1603855199
1061,-13.87,-171.6,Lufilufi,WS,84.94,74,75,12.75,1603855201
1062,35.11,136.2,Yokaichi,JP,59.85,73,97,2.51,1603855202
1063,-37.81,144.89,Seddon,AU,68.36,52,40,6.93,1603855203
1064,-22.28,166.46,Noumea,NC,89.6,40,75,11.41,1603855204
1065,28.68,121.44,Jiaojiang,CN,77,65,16,1.99,1603855205
1066,-21.37,55.62,Saint-Joseph,RE,69.48,53,0,3.36,1603855206
1067,35.02,-110.7,Winslow,US,33.8,69,1,4.7,1603855203
1068,55.22,-119.44,Beaverlodge,CA,39.2,64,75,5.82,1603855209
1069,52.3,86.2,Krasnogorskoye,RU,34.23,89,100,9.46,1603855210
1070,4.25,-54.38,Grand-Santi,GF,74.52,92,100,2.46,1603855211
1071,-6.72,36.37,Kibakwe,TZ,62.13,92,30,4,1603855212
1072,42.03,-8.16,Vila,PT,53.01,96,99,5.01,1603855213
1073,49.88,-106.55,Gravelbourg,CA,41.94,74,91,17.38,1603855214
1074,21.26,-78.15,Vertientes,CU,77,94,100,10.29,1603855216
1075,65.53,72.52,Nadym,RU,1.2,89,0,5.86,1603855217
1076,9.7,76.33,Vayalār,IN,75,88,9,5.01,1603855164
1077,44.36,135.81,Rudnaya Pristan',RU,45.63,80,97,6.78,1603855219
1078,18.23,-72.53,Jacmel,HT,84.2,70,0,3.29,1603855220
1079,51.07,132.56,Novyy Urgal,RU,36.14,92,100,2.01,1603855221
1080,27.18,31.18,Assiut,EG,66.2,82,0,6.93,1603855126
1081,-8.35,113.61,Ambulu,ID,83.66,73,97,5.12,1603855225
1082,32.35,-85.2,Russell,US,72.86,94,90,6.93,1603855226
1083,-45.58,-72.07,Coyhaique,CL,39.2,93,90,6.93,1603855227
1084,59.63,112.74,Peleduy,RU,19.49,88,0,3.09,1603855228
1085,16.35,-86.43,French Harbor,HN,84.02,81,92,19.86,1603855087
1086,-35.34,143.55,Swan Hill,AU,71.26,46,33,7.58,1603855230
1087,68.12,13.5,Gravdal,NO,43.38,71,71,6.08,1603855231
1088,36.96,36.2,Erzin,TR,75,52,62,3.44,1603855233
1089,57.64,32.47,Demyansk,RU,48.54,81,64,12.06,1603855235
1090,-8.01,-34.86,Olinda,BR,80.6,74,40,8.05,1603855236
1091,66.97,30.35,Alakurtti,RU,37.99,95,100,4,1603855237
1092,43.25,0.17,Arrondissement de Tarbes,FR,55.4,93,90,4.7,1603855239
1093,49.63,142.17,Boshnyakovo,RU,44.49,60,99,1.32,1603855241
1094,-3.55,143.63,Wewak,PG,82.6,76,76,2.66,1603855242
1095,-29.59,-51.38,São Sebastião do Caí,BR,62.01,98,62,5.53,1603855243
1096,25.82,-103.85,Mapimí,MX,86,17,5,7.2,1603855244
1097,12.35,32.18,Marabba,SD,82.76,29,0,8.46,1603855245
1098,-9.2,25.85,Bukama,CD,70.74,93,56,2.64,1603855246
1099,51.46,8.85,Marsberg,DE,48.49,92,100,10.94,1603855248
1100,39.89,4.27,Mahon,ES,55.4,71,0,3.36,1603855249
1101,43.9,-78.85,Oshawa,CA,36.9,100,90,2.24,1603855250
1102,63.86,57.31,Vuktyl,RU,31.46,99,100,8.99,1603855251
1103,3.41,30.96,Koboko,UG,63.34,95,28,1.57,1603855252
1104,38.03,-121.88,Pittsburg,US,60.66,50,0,3.96,1603855006
1105,48.97,-57.95,Corner Brook,CA,34.59,86,90,2.24,1603855060
1106,11.92,76.95,Chamrajnagar,IN,72.66,72,0,1.28,1603855255
1107,37.48,47.05,Hashtrūd,IR,46.74,60,2,2.33,1603855257
1108,-0.36,42.55,Kismayo,SO,79,84,83,9.93,1603855258
1109,47.46,9.64,Höchst,AT,43.79,93,90,2.24,1603855259
1110,34.77,32.42,Paphos,CY,63.37,82,40,8.05,1603855036
1111,35.3,37.18,Abu Samrah,SY,68.85,23,93,4.38,1603855261
1112,44.95,12.32,Porto Tolle,IT,48.69,93,0,3.36,1603855262
1113,3.17,113.03,Bintulu,MY,86,74,20,5.82,1603855166
1114,52.94,41.5,Goreloye,RU,34.59,84,49,9.22,1603855265
1115,38.42,77.24,Shache,CN,48.67,44,100,4.54,1603855266
1116,61.75,48.54,Urdoma,RU,37.26,95,100,9.64,1603855267
1117,18.69,12.92,Bilma,NE,66.22,27,0,2.48,1603855268
1118,13.19,-59.64,Holetown,BB,78.8,94,75,16.11,1603855269
1119,58.61,5.65,Varhaug,NO,46.67,89,100,8.01,1603855271
1120,5.28,115.24,Labuan,MY,87.8,66,20,2.24,1603855272
1121,36.42,54.98,Shahrud,IR,50.54,58,0,4.43,1603855273
1122,48.68,71.64,Atasū,KZ,29.77,94,100,12.46,1603855274
1123,-25.75,-56.43,Villarrica,PY,64.44,63,0,2.3,1603855276
1124,51.1,66.32,Derzhavīnsk,KZ,26.87,95,99,15.21,1603855246
1125,18.47,120.58,Davila,PH,86,79,75,5.82,1603855278
1126,-0.78,29.75,Katete,UG,61.03,95,100,2.42,1603855279
1127,12.15,-68.27,Kralendijk,BQ,82.4,83,28,14.99,1603855280
1128,25.12,114.3,Xiongzhou,CN,76.89,53,60,7.65,1603855281
1129,-16.77,31.58,Mount Darwin,ZW,65.97,65,0,7.85,1603855283
1130,-20.1,146.27,Charters Towers,AU,88.03,35,0,7.76,1603855284
1131,38.83,-8.79,Poceirão,PT,60.6,93,75,8.05,1603855285
1132,16.92,97.37,Thaton,MM,81.52,79,100,5.06,1603855286
1133,0.56,31.39,Mubende,UG,60.24,99,62,0.94,1603855287
1134,38.5,102.17,Jinchang,CN,42.67,63,96,7.47,1603855288
1135,60.38,92.63,Teya,RU,26.92,96,100,8.86,1603855290
1136,0.66,30.27,Fort Portal,UG,59.58,98,84,2.37,1603855291
1137,40.91,37.68,Ordu,TR,64.4,100,75,5.82,1603855292
1138,-13.88,167.55,Sola,VU,80.53,76,2,16.06,1603855293
1139,51.7,-113.27,Three Hills,CA,39.99,53,59,10.2,1603855294
1140,20.5,-10.07,Adrar,MR,79.52,19,0,10.54,1603855295
1141,44.08,-103.23,Rapid City,US,34.21,69,1,4.7,1603855296
1142,31.77,104.72,Jiangyou,CN,60.76,62,85,2.64,1603855298
1143,34.69,135.8,Nara,JP,69.53,48,0,2.24,1603855299
1144,-9.66,20.39,Saurimo,AO,66.65,94,100,3.83,1603855301
1145,32.44,105.82,Guangyuan,CN,49.8,93,100,8.01,1603855302
1146,60.75,-137.51,Haines Junction,CA,28.96,95,96,1.79,1603855244
1147,33.73,-84.92,Villa Rica,US,67.6,94,36,6.71,1603855305
1148,3.08,-59.95,Bonfim,BR,81.05,69,10,6.6,1603855306
1149,25.02,118.29,Dayong,CN,80.6,54,20,11.18,1603855307
1150,-33.28,-70.9,Lampa,CL,50.5,71,20,8.05,1603855308
1151,-21.15,55.28,Saint-Leu,RE,69.49,53,0,3.36,1603855309
1152,8.73,76.71,Varkala,IN,80.17,81,66,4.79,1603855310
1153,61.56,45.93,Krasnoborsk,RU,39.58,91,100,7.58,1603855312
1154,-15.75,-41.46,Águas Vermelhas,BR,67.96,93,73,3.36,1603855313
1155,52.15,56.18,Matveyevka,RU,23,92,0,2.24,1603855314
1156,22.82,108.32,Nanning,CN,78.8,69,0,8.95,1603855315
1157,7.71,81.69,Batticaloa,LK,82.26,69,0,6.2,1603855317
1158,47.56,46.72,Tsagan Aman,RU,37.15,71,77,13.15,1603855318
1159,43.06,44.74,Oktyabr'skoye,RU,51.4,87,50,6.71,1603855320
1160,-36.31,-57.68,Dolores,AR,48.85,69,0,2.21,1603855321
1161,45.23,147.88,Kuril'sk,RU,47.17,61,100,3.94,1603855323
1162,62.88,152.43,Seymchan,RU,16.63,90,9,2.33,1603855324
1163,43.54,-116.56,Nampa,US,43,65,1,1.25,1603855325
1164,50.72,136.63,Solnechnyy,RU,36.57,83,100,3.42,1603855326
1165,40.29,18,Leverano,IT,58.05,100,75,3.36,1603855328
1166,-8.19,15.38,Camabatela,AO,65.25,100,100,5.28,1603855329
1167,-7.75,-34.83,Itamaracá,BR,80.6,74,40,8.05,1603855330
1168,6.41,-75.98,Caicedo,CO,56.35,100,40,6.93,1603855331
1169,-36.55,145.98,Benalla,AU,67.8,40,5,5.82,1603855332
1170,32.45,130.2,Hondomachi-hondo,JP,69.39,60,0,2.24,1603855333
1171,49.25,-55.05,Lewisporte,CA,32,96,90,12.75,1603855335
1172,37.8,-25.58,Rabo de Peixe,PT,62.6,63,75,5.82,1603855336
1173,61.94,76.66,Novoagansk,RU,9.93,93,60,12.97,1603855337
1174,35.03,71.36,Āsmār,AF,65.44,27,21,3.42,1603855338
1175,25.02,37.27,Umluj,SA,83.98,32,0,7.16,1603855339
1176,54.72,135.31,Chumikan,RU,37.92,89,100,15.46,1603855340
1177,29.32,78.52,Dhāmpur,IN,69.91,37,0,1.21,1603855342
1178,-38.7,-73.17,Carahue,CL,48.2,93,75,11.41,1603855343
1179,63.93,31.65,Muyezerskiy,RU,47.21,96,100,6.08,1603855344
1180,31.85,35.94,Jāwā,JO,63.52,39,40,2.98,1603855345
1181,59.53,33.92,Senno,RU,46,87,95,11.12,1603855346
1182,-20.22,-70.14,Iquique,CL,62.6,77,90,12.75,1603855207
1183,5.1,73.07,Eydhafushi,MV,82.87,74,13,8.21,1603855348
1184,-12.39,-46.57,Taguatinga,BR,76.59,71,98,2.62,1603855350
1185,51.29,14.82,Niesky,DE,44.01,91,74,5.01,1603855352
1186,69.41,86.18,Dudinka,RU,-4.74,84,0,5.06,1603855353
1187,48.81,103.53,Bulgan,MN,39.31,61,0,3.15,1603855355
1188,54.1,39.61,Pronsk,RU,34,87,6,3,1603855357
1189,64.9,45.76,Leshukonskoye,RU,39.88,96,100,10.25,1603855358
1190,23.61,58.59,Muscat,OM,73.4,64,0,2.24,1603855359
1191,31.22,29.96,Alexandria,EG,66.2,82,0,2.24,1603855077
1192,-4.33,-45.17,Lago da Pedra,BR,75.29,92,100,2.3,1603855361
1193,47.33,123.18,Longjiang,CN,41.76,56,0,12.88,1603855363
1194,11.42,-7.48,Bougouni,ML,71.73,39,27,1.97,1603855365
1195,26.77,-109.67,Etchoropo,MX,62.01,27,0,5.99,1603855366
1196,32.83,-109.71,Safford,US,41,75,20,9.17,1603855367
1197,2.3,111.82,Sibu,MY,84.07,79,20,4.7,1603855368
1198,-27.58,153.3,Victoria Point,AU,79.32,69,64,4,1603855252
1199,13.81,-10.83,Bafoulabé,ML,74.75,26,72,1.7,1603855370
1200,-24.83,16.98,Maltahöhe,NA,63.23,28,31,3.24,1603855372
1201,11.8,-0.55,Garango,BF,76.55,20,0,6.02,1603855373
1202,19.93,-105.25,Tomatlán,MX,77.65,89,90,2.3,1603855374
1203,8.25,34.58,Gambēla,ET,69.39,77,0,4.52,1603855375
1204,57.48,-4.22,Inverness,GB,38.16,93,20,2.24,1603855262
1205,55.74,-4.27,Eaglesham,GB,46.51,81,75,14.99,1603855377
1206,20.35,-74.5,Baracoa,CU,80.47,84,47,11.48,1603855379
1207,4.64,103.44,Paka,MY,86.54,65,85,3.58,1603855381
1208,52.45,64.63,Kushmurun,KZ,22.6,96,96,11.79,1603855382
1209,31.37,-106.02,Praxédis Guerrero,MX,28.94,91,90,6.93,1603855383
1210,14.89,5.27,Tahoua,NE,71.6,28,0,2.24,1603855384
1211,-29.68,-53.81,Santa Maria,BR,59,87,0,2.24,1603855209
1212,-10.88,26.6,Kambove,CD,63.66,66,48,2.71,1603855386
1213,19.1,-97.42,Tlachichuca,MX,52.14,88,14,2.21,1603855388
1214,55.93,158.7,Esso,RU,34.14,88,60,2.26,1603855389
1215,6.93,79.85,Colombo,LK,81.52,74,0,1.07,1603855346
1216,23.45,-110.22,Todos Santos,MX,74.48,63,13,1.99,1603855391
1217,13.35,-15.75,Nioro,GM,72.55,66,0,1.39,1603855392
1218,4.93,-52.33,Cayenne,GF,77,100,20,10.07,1603855246
1219,55,39.08,Krasnaya Poyma,RU,33.01,97,8,8.01,1603855394
1220,-4.2,36.93,Naberera,TZ,61.63,87,74,9.6,1603855396
1221,12.18,-4.08,Solenzo,BF,75.54,20,75,3.15,1603855397
1222,25.29,51.53,Doha,QA,77.97,69,0,3.36,1603855098
1223,9.49,50.81,Bandarbeyla,SO,75.36,79,7,3.65,1603855399
1224,21.48,109.1,Beihai,CN,80.94,66,78,17,1603855400
1225,64.7,43.39,Pinega,RU,40.21,96,100,10.27,1603855402
1226,53.19,158.38,Yelizovo,RU,48.2,61,20,4.47,1603855404
1227,35.53,134.83,Toyooka,JP,64.4,68,75,3.36,1603855405
1228,36.21,-83.29,Morristown,US,65.57,88,90,2.55,1603855406
1229,10.95,78.08,Karur,IN,81.46,66,0,1.07,1603855243
1230,54.59,73.64,Tavricheskoye,RU,24.8,92,75,17.9,1603855408
1231,-23.93,-47.07,Juquitiba,BR,71.4,68,0,2.24,1603855409
1232,50.9,142.16,Aleksandrovsk-Sakhalinskiy,RU,45.46,61,82,3.67,1603855410
1233,29.43,-110.4,Ures,MX,51.33,27,0,3,1603855411
1234,65.99,57.53,Usinsk,RU,29.71,98,100,15.28,1603855413
1235,-2.42,115.25,Amuntai,ID,92.41,52,91,1.63,1603855414
1236,44.83,-87.38,Sturgeon Bay,US,34.3,59,1,8.05,1603855416
1237,49.23,41.83,Bokovskaya,RU,38.26,69,84,13.42,1603855417
1238,3.78,72.97,Mahibadhoo,MV,82.6,75,52,10.36,1603855418
1239,-9.11,124.89,Atambua,ID,87.01,54,98,2.37,1603855420
1240,16.47,107.6,Hue,VN,77,94,75,23.04,1603855421
1241,4.95,-77.37,Pizarro,CO,77.59,89,100,5.86,1603855422
1242,-34.68,150.87,Kiama,AU,68.38,68,97,5.99,1603855424
1243,32.25,67.25,Zabul Province,AF,46.98,42,0,1.25,1603855425
1244,34.37,73.47,Muzaffarabad,PK,67.82,25,26,2.59,1603855426
1245,50.43,16.66,Kłodzko,PL,39.04,80,7,4,1603855428
1246,41.25,36.33,Samsun Province,TR,59,93,40,3.36,1603855429
1247,-11.9,33.6,Mzimba,MW,65.03,67,23,11.72,1603855430
1248,23.8,86.21,Baghmara,IN,77.27,41,0,4.79,1603855431
1249,33.06,113.8,Wencheng,CN,63.84,46,82,10.63,1603855432
1250,69.47,25.51,Karasjok,NO,28.4,100,100,12.75,1603855433
1251,-16.78,-151.5,Tevaitoa,PF,80.31,80,45,19.55,1603855435
1252,24.34,124.16,Ishigaki,JP,84.2,70,40,14.99,1603855436
1253,-18.01,-70.25,Tacna,PE,53.29,92,21,1.41,1603855437
1254,51.2,58.33,Novotroitsk,RU,24.8,85,0,11.18,1603855143
1255,39.74,98.52,Jiuquan,CN,47.84,48,0,8.21,1603855439
1256,4.42,-7.35,Tabou,CI,77.29,87,95,3.36,1603855440
1257,62.67,135.6,Khandyga,RU,17.94,94,100,2.62,1603855442
1258,-13.73,15.07,Caconda,AO,59.81,95,36,2.53,1603855443
1259,54.15,-115.69,Whitecourt,CA,35.6,85,75,8.05,1603855444
1260,43.48,-5.44,Villaviciosa,ES,57.72,79,100,3.11,1603855445
1261,28.17,94.77,Along,IN,75.29,54,0,0.22,1603855446
1262,33.32,75.77,Kishtwār,IN,57.72,30,0,1.41,1603855448
1263,57.8,158.67,Tigil',RU,42.49,63,47,3.62,1603855450
1264,46.72,34.55,Ivanivka,UA,51.06,78,0,10.92,1603855451
1265,19.28,-81.25,Bodden Town,KY,81.88,83,20,5.82,1603855277
1266,49.82,-94.43,Kenora,CA,28.2,92,90,11.41,1603855453
1267,12.48,-16.55,Oussouye,SN,77.88,94,0,3.8,1603855404
1268,30.17,-111.1,Benjamín Hill,MX,50,27,0,6.31,1603855455
1269,38.86,-5.62,Campanario,ES,50.59,84,46,2.51,1603855456
1270,41.12,80.26,Aksu,CN,50.13,41,100,2.13,1603855458
1271,9.35,-65.32,Zaraza,VE,72.63,96,0,4.47,1603855459
1272,42.37,-71.18,Watertown,US,47.12,57,90,3.36,1603855460
1273,-17.57,-149.87,Haapiti,PF,82.2,74,75,13.87,1603855461
1274,65.11,57.05,Kozhva,RU,31.86,98,100,10.18,1603855462
1275,-3.68,39.86,Takaungu,KE,76.14,85,4,5.44,1603855463
1276,-22.09,-70.2,Tocopilla,CL,60.39,57,7,6.49,1603855465
1277,-28.24,-48.67,Imbituba,BR,68,94,40,1.12,1603855309
1278,56.55,57.14,Sars,RU,27.32,93,85,9.53,1603855467
